<?xml version="1.0" encoding="UTF-8"?>
<kml xmlns="http://www.opengis.net/kml/2.2">
  <Document>
    <name>External GPX Track</name>
    <Placemark>
      <name>External Track</name>
      <Style>
        <LineStyle>
          <color>ff0000ff</color>
          <width>4</width>
        </LineStyle>
      </Style>
      <LineString>
        <coordinates>-0.8739346,46.9217457 -0.8739308,46.9217454 -0.8739286,46.9217450 -0.8739263,46.9217446 -0.8739266,46.9217446 -0.8739233,46.9217504 -0.8739221,46.9217530 -0.8739155,46.9217652 -0.8739134,46.9217760 -0.8739140,46.9217960 -0.8739189,46.9218093 -0.8739243,46.9218211 -0.8739316,46.9218354 -0.8739450,46.9218601 -0.8739432,46.9218806 -0.8739405,46.9218956 -0.8739402,46.9219027 -0.8739394,46.9219119 -0.8739390,46.9219259 -0.8739385,46.9219330 -0.8739381,46.9219400 -0.8739382,46.9219547 -0.8739394,46.9219640 -0.8739424,46.9219775 -0.8739410,46.9219951 -0.8739382,46.9220077 -0.8739420,46.9220174 -0.8739451,46.9220332 -0.8739483,46.9220527 -0.8739502,46.9220682 -0.8739516,46.9220834 -0.8739528,46.9220967 -0.8739539,46.9221101 -0.8739549,46.9221173 -0.8739554,46.9221230 -0.8739572,46.9221364 -0.8739570,46.9221410 -0.8739575,46.9221496 -0.8739589,46.9221610 -0.8739636,46.9221771 -0.8739732,46.9221923 -0.8739815,46.9221995 -0.8739905,46.9222041 -0.8740077,46.9222114 -0.8740239,46.9222150 -0.8740367,46.9222150 -0.8740486,46.9222172 -0.8740598,46.9222195 -0.8740722,46.9222239 -0.8740925,46.9222312 -0.8741045,46.9222340 -0.8741231,46.9222367 -0.8741311,46.9222384 -0.8741427,46.9222397 -0.8741533,46.9222411 -0.8741679,46.9222411 -0.8741788,46.9222406 -0.8741941,46.9222387 -0.8742063,46.9222371 -0.8742337,46.9222322 -0.8742598,46.9222273 -0.8742782,46.9222257 -0.8742976,46.9222172 -0.8743099,46.9222144 -0.8743223,46.9222122 -0.8743421,46.9222108 -0.8743489,46.9222098 -0.8743576,46.9222087 -0.8743691,46.9222077 -0.8743816,46.9222070 -0.8743957,46.9222065 -0.8744077,46.9222053 -0.8744225,46.9222042 -0.8744332,46.9222029 -0.8744464,46.9222025 -0.8744586,46.9222014 -0.8744719,46.9222000 -0.8744832,46.9221984 -0.8744957,46.9221973 -0.8745061,46.9221969 -0.8745209,46.9221959 -0.8745328,46.9221965 -0.8745446,46.9221959 -0.8745658,46.9222003 -0.8745758,46.9222081 -0.8745817,46.9222152 -0.8745948,46.9222245 -0.8746048,46.9222314 -0.8746121,46.9222362 -0.8746184,46.9222411 -0.8746284,46.9222538 -0.8746301,46.9222593 -0.8746352,46.9222689 -0.8746386,46.9222676 -0.8746392,46.9222657 -0.8746387,46.9222652 -0.8746379,46.9222655 -0.8746369,46.9222681 -0.8746359,46.9222698 -0.8746351,46.9222710 -0.8746352,46.9222713 -0.8746355,46.9222716 -0.8746352,46.9222724 -0.8746363,46.9222733 -0.8746360,46.9222736 -0.8746378,46.9222752 -0.8746412,46.9222772 -0.8746434,46.9222789 -0.8746500,46.9222824 -0.8746536,46.9222850 -0.8746661,46.9222889 -0.8746742,46.9222922 -0.8746826,46.9222928 -0.8747068,46.9222996 -0.8747210,46.9223053 -0.8747328,46.9223114 -0.8747448,46.9223164 -0.8747531,46.9223213 -0.8747642,46.9223259 -0.8747729,46.9223309 -0.8747785,46.9223349 -0.8747871,46.9223417 -0.8747940,46.9223496 -0.8747997,46.9223543 -0.8748039,46.9223598 -0.8748095,46.9223650 -0.8748148,46.9223704 -0.8748196,46.9223750 -0.8748256,46.9223801 -0.8748305,46.9223853 -0.8748368,46.9223904 -0.8748423,46.9223953 -0.8748496,46.9224011 -0.8748547,46.9224072 -0.8748572,46.9224118 -0.8748635,46.9224203 -0.8748643,46.9224250 -0.8748694,46.9224323 -0.8748709,46.9224364 -0.8748757,46.9224424 -0.8748798,46.9224465 -0.8748835,46.9224511 -0.8748879,46.9224570 -0.8748916,46.9224627 -0.8749006,46.9224734 -0.8749009,46.9224747 -0.8749034,46.9224795 -0.8749070,46.9224870 -0.8749103,46.9224935 -0.8749146,46.9224998 -0.8749179,46.9225049 -0.8749225,46.9225111 -0.8749240,46.9225160 -0.8749251,46.9225220 -0.8749286,46.9225278 -0.8749291,46.9225320 -0.8749315,46.9225387 -0.8749321,46.9225436 -0.8749329,46.9225490 -0.8749342,46.9225558 -0.8749355,46.9225607 -0.8749366,46.9225673 -0.8749381,46.9225762 -0.8749391,46.9225808 -0.8749401,46.9225848 -0.8749403,46.9225888 -0.8749410,46.9225966 -0.8749394,46.9226026 -0.8749390,46.9226095 -0.8749358,46.9226151 -0.8749316,46.9226216 -0.8749280,46.9226281 -0.8749223,46.9226339 -0.8749174,46.9226403 -0.8749139,46.9226436 -0.8749048,46.9226543 -0.8749012,46.9226579 -0.8748982,46.9226629 -0.8748938,46.9226696 -0.8748857,46.9226826 -0.8748762,46.9226909 -0.8748772,46.9226969 -0.8748786,46.9227030 -0.8748785,46.9227113 -0.8748787,46.9227171 -0.8748746,46.9227279 -0.8748755,46.9227323 -0.8748736,46.9227390 -0.8748720,46.9227444 -0.8748702,46.9227500 -0.8748693,46.9227567 -0.8748697,46.9227618 -0.8748713,46.9227696 -0.8748735,46.9227743 -0.8748745,46.9227810 -0.8748747,46.9227894 -0.8748774,46.9227940 -0.8748849,46.9227988 -0.8748882,46.9228056 -0.8748840,46.9228103 -0.8748794,46.9228124 -0.8748780,46.9228142 -0.8748723,46.9228134 -0.8748667,46.9228133 -0.8748636,46.9228152 -0.8748563,46.9228215 -0.8748515,46.9228277 -0.8748454,46.9228350 -0.8748405,46.9228420 -0.8748349,46.9228485 -0.8748306,46.9228549 -0.8748243,46.9228619 -0.8748178,46.9228691 -0.8748092,46.9228842 -0.8748046,46.9228936 -0.8748028,46.9229026 -0.8747993,46.9229102 -0.8747986,46.9229193 -0.8747964,46.9229267 -0.8747940,46.9229354 -0.8747911,46.9229427 -0.8747855,46.9229561 -0.8747852,46.9229605 -0.8747833,46.9229663 -0.8747832,46.9229733 -0.8747818,46.9229806 -0.8747808,46.9229890 -0.8747798,46.9229961 -0.8747787,46.9230033 -0.8747782,46.9230110 -0.8747776,46.9230187 -0.8747763,46.9230272 -0.8747757,46.9230351 -0.8747748,46.9230439 -0.8747732,46.9230569 -0.8747738,46.9230599 -0.8747739,46.9230674 -0.8747745,46.9230731 -0.8747747,46.9230786 -0.8747743,46.9230860 -0.8747738,46.9230923 -0.8747731,46.9230997 -0.8747698,46.9231131 -0.8747651,46.9231209 -0.8747622,46.9231293 -0.8747580,46.9231359 -0.8747518,46.9231470 -0.8747492,46.9231520 -0.8747469,46.9231583 -0.8747436,46.9231678 -0.8747386,46.9231796 -0.8747357,46.9231860 -0.8747323,46.9231928 -0.8747294,46.9232008 -0.8747252,46.9232170 -0.8747230,46.9232232 -0.8747191,46.9232307 -0.8747159,46.9232382 -0.8747117,46.9232458 -0.8747083,46.9232534 -0.8747048,46.9232608 -0.8747024,46.9232689 -0.8747003,46.9232762 -0.8746973,46.9232856 -0.8746957,46.9232923 -0.8746941,46.9232999 -0.8746927,46.9233134 -0.8746928,46.9233184 -0.8746936,46.9233242 -0.8746938,46.9233318 -0.8746926,46.9233384 -0.8746895,46.9233443 -0.8746858,46.9233515 -0.8746811,46.9233578 -0.8746774,46.9233645 -0.8746734,46.9233708 -0.8746700,46.9233787 -0.8746664,46.9233853 -0.8746641,46.9233931 -0.8746625,46.9234109 -0.8746710,46.9234195 -0.8746818,46.9234277 -0.8746859,46.9234335 -0.8746855,46.9234389 -0.8746809,46.9234428 -0.8746758,46.9234481 -0.8746729,46.9234551 -0.8746688,46.9234621 -0.8746632,46.9234775 -0.8746608,46.9234810 -0.8746564,46.9234870 -0.8746546,46.9234938 -0.8746517,46.9234999 -0.8746498,46.9235083 -0.8746475,46.9235231 -0.8746465,46.9235386 -0.8746476,46.9235529 -0.8746491,46.9235633 -0.8746490,46.9235701 -0.8746480,46.9235763 -0.8746470,46.9235830 -0.8746461,46.9235911 -0.8746451,46.9235969 -0.8746436,46.9236095 -0.8746429,46.9236211 -0.8746430,46.9236285 -0.8746424,46.9236361 -0.8746426,46.9236432 -0.8746429,46.9236499 -0.8746431,46.9236570 -0.8746436,46.9236625 -0.8746443,46.9236761 -0.8746460,46.9236797 -0.8746475,46.9236870 -0.8746501,46.9236948 -0.8746527,46.9237036 -0.8746560,46.9237105 -0.8746590,46.9237168 -0.8746630,46.9237259 -0.8746655,46.9237328 -0.8746672,46.9237409 -0.8746674,46.9237478 -0.8746664,46.9237559 -0.8746666,46.9237578 -0.8746653,46.9237695 -0.8746640,46.9237760 -0.8746626,46.9237828 -0.8746614,46.9237896 -0.8746602,46.9237967 -0.8746595,46.9238044 -0.8746572,46.9238111 -0.8746546,46.9238174 -0.8746522,46.9238262 -0.8746475,46.9238342 -0.8746452,46.9238416 -0.8746422,46.9238484 -0.8746399,46.9238609 -0.8746372,46.9238646 -0.8746303,46.9238773 -0.8746274,46.9238834 -0.8746250,46.9238922 -0.8746226,46.9239050 -0.8746211,46.9239173 -0.8746205,46.9239235 -0.8746224,46.9239305 -0.8746240,46.9239387 -0.8746259,46.9239537 -0.8746271,46.9239679 -0.8746313,46.9239827 -0.8746374,46.9239997 -0.8746461,46.9240173 -0.8746477,46.9240278 -0.8746573,46.9240464 -0.8746639,46.9240601 -0.8746731,46.9240735 -0.8746821,46.9240887 -0.8746844,46.9240939 -0.8746889,46.9240992 -0.8746942,46.9241048 -0.8747009,46.9241096 -0.8747092,46.9241157 -0.8747191,46.9241184 -0.8747315,46.9241216 -0.8747381,46.9241258 -0.8747447,46.9241305 -0.8747455,46.9241373 -0.8747497,46.9241441 -0.8747498,46.9241557 -0.8747466,46.9241571 -0.8747484,46.9241626 -0.8747500,46.9241713 -0.8747479,46.9241750 -0.8747513,46.9241805 -0.8747487,46.9241839 -0.8747515,46.9241908 -0.8747455,46.9241939 -0.8747416,46.9241966 -0.8747377,46.9242025 -0.8747331,46.9242093 -0.8747312,46.9242187 -0.8747328,46.9242253 -0.8747360,46.9242290 -0.8747391,46.9242347 -0.8747505,46.9242386 -0.8747650,46.9242413 -0.8747745,46.9242470 -0.8747872,46.9242519 -0.8747953,46.9242600 -0.8747986,46.9242689 -0.8747976,46.9242794 -0.8747948,46.9242907 -0.8747858,46.9243085 -0.8747845,46.9243152 -0.8747795,46.9243234 -0.8747778,46.9243309 -0.8747767,46.9243410 -0.8747773,46.9243496 -0.8747812,46.9243599 -0.8747835,46.9243682 -0.8747881,46.9243790 -0.8747935,46.9243894 -0.8747965,46.9243982 -0.8748023,46.9244089 -0.8748049,46.9244159 -0.8748110,46.9244259 -0.8748157,46.9244348 -0.8748223,46.9244437 -0.8748277,46.9244524 -0.8748341,46.9244615 -0.8748429,46.9244709 -0.8748511,46.9244773 -0.8748625,46.9244840 -0.8748733,46.9244873 -0.8748876,46.9244871 -0.8748998,46.9244850 -0.8749118,46.9244827 -0.8749222,46.9244805 -0.8749337,46.9244767 -0.8749453,46.9244731 -0.8749568,46.9244698 -0.8749677,46.9244672 -0.8749800,46.9244649 -0.8749919,46.9244626 -0.8750040,46.9244611 -0.8750156,46.9244587 -0.8750271,46.9244572 -0.8750390,46.9244552 -0.8750512,46.9244547 -0.8750618,46.9244536 -0.8750730,46.9244534 -0.8750829,46.9244548 -0.8750951,46.9244538 -0.8751049,46.9244548 -0.8751165,46.9244535 -0.8751254,46.9244534 -0.8751347,46.9244529 -0.8751384,46.9244526 -0.8751555,46.9244503 -0.8751694,46.9244481 -0.8751789,46.9244491 -0.8751892,46.9244492 -0.8751993,46.9244503 -0.8752068,46.9244508 -0.8752190,46.9244497 -0.8752281,46.9244508 -0.8752416,46.9244513 -0.8752500,46.9244547 -0.8752600,46.9244587 -0.8752693,46.9244636 -0.8752791,46.9244737 -0.8752866,46.9244784 -0.8752913,46.9244869 -0.8752967,46.9244928 -0.8752993,46.9245020 -0.8753029,46.9245089 -0.8753048,46.9245179 -0.8753019,46.9245273 -0.8752998,46.9245357 -0.8752844,46.9245432 -0.8752763,46.9245499 -0.8752640,46.9245549 -0.8752533,46.9245599 -0.8752414,46.9245629 -0.8752309,46.9245662 -0.8752184,46.9245685 -0.8752074,46.9245704 -0.8751957,46.9245718 -0.8751847,46.9245733 -0.8751736,46.9245752 -0.8751651,46.9245765 -0.8751544,46.9245786 -0.8751439,46.9245800 -0.8751348,46.9245819 -0.8751262,46.9245837 -0.8751170,46.9245863 -0.8751080,46.9245888 -0.8750915,46.9245942 -0.8750888,46.9245960 -0.8750814,46.9246000 -0.8750757,46.9246041 -0.8750684,46.9246091 -0.8750635,46.9246149 -0.8750566,46.9246200 -0.8750522,46.9246250 -0.8750443,46.9246287 -0.8750257,46.9246281 -0.8750173,46.9246287 -0.8750093,46.9246313 -0.8749982,46.9246360 -0.8749927,46.9246344 -0.8749842,46.9246341 -0.8749743,46.9246269 -0.8749642,46.9246248 -0.8749540,46.9246202 -0.8749429,46.9246191 -0.8749343,46.9246164 -0.8749241,46.9246160 -0.8749146,46.9246142 -0.8749045,46.9246143 -0.8748965,46.9246149 -0.8748814,46.9246178 -0.8748771,46.9246190 -0.8748679,46.9246217 -0.8748599,46.9246251 -0.8748507,46.9246290 -0.8748420,46.9246330 -0.8748329,46.9246374 -0.8748257,46.9246420 -0.8748186,46.9246466 -0.8748109,46.9246519 -0.8748045,46.9246561 -0.8747960,46.9246616 -0.8747889,46.9246662 -0.8747813,46.9246715 -0.8747757,46.9246751 -0.8747677,46.9246811 -0.8747607,46.9246850 -0.8747527,46.9246901 -0.8747475,46.9246948 -0.8747424,46.9247005 -0.8747408,46.9247053 -0.8747375,46.9247115 -0.8747374,46.9247164 -0.8747334,46.9247268 -0.8747343,46.9247295 -0.8747340,46.9247350 -0.8747329,46.9247406 -0.8747357,46.9247462 -0.8747391,46.9247537 -0.8747467,46.9247607 -0.8747521,46.9247679 -0.8747632,46.9247800 -0.8747638,46.9247808 -0.8747670,46.9247800 -0.8747667,46.9247759 -0.8747663,46.9247720 -0.8747673,46.9247691 -0.8747690,46.9247682 -0.8747696,46.9247678 -0.8747723,46.9247686 -0.8747771,46.9247727 -0.8747887,46.9247843 -0.8748098,46.9247923 -0.8748189,46.9247990 -0.8748300,46.9248073 -0.8748365,46.9248155 -0.8748429,46.9248237 -0.8748475,46.9248315 -0.8748521,46.9248402 -0.8748556,46.9248485 -0.8748606,46.9248631 -0.8748647,46.9248817 -0.8748664,46.9248875 -0.8748614,46.9248933 -0.8748614,46.9249001 -0.8748476,46.9249071 -0.8748396,46.9249080 -0.8748328,46.9249059 -0.8748291,46.9249044 -0.8748269,46.9249032 -0.8748257,46.9249035 -0.8748249,46.9249035 -0.8748235,46.9249044 -0.8748235,46.9249052 -0.8748231,46.9249067 -0.8748220,46.9249086 -0.8748209,46.9249090 -0.8748163,46.9249130 -0.8748112,46.9249167 -0.8748016,46.9249268 -0.8747954,46.9249341 -0.8747883,46.9249450 -0.8747825,46.9249528 -0.8747766,46.9249604 -0.8747700,46.9249663 -0.8747621,46.9249727 -0.8747539,46.9249778 -0.8747449,46.9249825 -0.8747357,46.9249867 -0.8747260,46.9249909 -0.8747141,46.9249943 -0.8747063,46.9249969 -0.8746971,46.9249982 -0.8746868,46.9250010 -0.8746752,46.9250011 -0.8746645,46.9250027 -0.8746525,46.9250008 -0.8746408,46.9250013 -0.8746299,46.9249985 -0.8746189,46.9249986 -0.8746075,46.9249865 -0.8745983,46.9249810 -0.8745801,46.9249764 -0.8745717,46.9249708 -0.8745614,46.9249686 -0.8745449,46.9249621 -0.8745311,46.9249582 -0.8745150,46.9249547 -0.8745053,46.9249531 -0.8744939,46.9249516 -0.8744838,46.9249505 -0.8744679,46.9249481 -0.8744476,46.9249484 -0.8744385,46.9249500 -0.8744269,46.9249512 -0.8744148,46.9249521 -0.8744066,46.9249552 -0.8743949,46.9249560 -0.8743894,46.9249567 -0.8743840,46.9249571 -0.8743747,46.9249567 -0.8743694,46.9249565 -0.8743546,46.9249538 -0.8743544,46.9249510 -0.8743464,46.9249470 -0.8743426,46.9249432 -0.8743349,46.9249374 -0.8743286,46.9249284 -0.8743219,46.9249195 -0.8743156,46.9249116 -0.8743100,46.9249057 -0.8743065,46.9249031 -0.8742967,46.9248965 -0.8742908,46.9248920 -0.8742856,46.9248871 -0.8742782,46.9248823 -0.8742649,46.9248738 -0.8742531,46.9248612 -0.8742348,46.9248524 -0.8742293,46.9248541 -0.8742172,46.9248556 -0.8741996,46.9248685 -0.8741915,46.9248844 -0.8741880,46.9248916 -0.8741857,46.9248984 -0.8741821,46.9249071 -0.8741785,46.9249158 -0.8741713,46.9249260 -0.8741655,46.9249347 -0.8741611,46.9249476 -0.8741601,46.9249604 -0.8741600,46.9249703 -0.8741610,46.9249769 -0.8741633,46.9249884 -0.8741665,46.9250076 -0.8741675,46.9250178 -0.8741695,46.9250311 -0.8741694,46.9250378 -0.8741696,46.9250450 -0.8741700,46.9250511 -0.8741708,46.9250577 -0.8741717,46.9250657 -0.8741719,46.9250736 -0.8741728,46.9250878 -0.8741735,46.9250965 -0.8741733,46.9251058 -0.8741731,46.9251125 -0.8741735,46.9251197 -0.8741733,46.9251260 -0.8741744,46.9251389 -0.8741536,46.9251430 -0.8741482,46.9251439 -0.8741419,46.9251535 -0.8741427,46.9251610 -0.8741439,46.9251658 -0.8741440,46.9251728 -0.8741425,46.9251787 -0.8741408,46.9251865 -0.8741362,46.9251928 -0.8741307,46.9251995 -0.8741269,46.9252066 -0.8741228,46.9252126 -0.8741211,46.9252157 -0.8741169,46.9252278 -0.8741151,46.9252343 -0.8741112,46.9252426 -0.8741091,46.9252488 -0.8741055,46.9252565 -0.8741017,46.9252626 -0.8740971,46.9252685 -0.8740920,46.9252739 -0.8740866,46.9252799 -0.8740819,46.9252854 -0.8740759,46.9252907 -0.8740669,46.9252945 -0.8740583,46.9252994 -0.8740481,46.9253008 -0.8740371,46.9253044 -0.8740229,46.9253061 -0.8740129,46.9253069 -0.8740034,46.9253015 -0.8739932,46.9252967 -0.8739858,46.9252925 -0.8739752,46.9252908 -0.8739657,46.9252886 -0.8739582,46.9252871 -0.8739399,46.9252837 -0.8739354,46.9252830 -0.8739251,46.9252819 -0.8739126,46.9252813 -0.8738957,46.9252815 -0.8738792,46.9252817 -0.8738674,46.9252828 -0.8738559,46.9252839 -0.8738424,46.9252859 -0.8738299,46.9252872 -0.8738096,46.9252874 -0.8737849,46.9252887 -0.8737647,46.9252920 -0.8737439,46.9252960 -0.8737249,46.9252999 -0.8737095,46.9253002 -0.8736994,46.9253008 -0.8736880,46.9253023 -0.8736770,46.9253048 -0.8736672,46.9253066 -0.8736545,46.9253102 -0.8736410,46.9253117 -0.8736306,46.9253137 -0.8736178,46.9253149 -0.8736072,46.9253171 -0.8735939,46.9253173 -0.8735827,46.9253188 -0.8735668,46.9253187 -0.8735607,46.9253175 -0.8735497,46.9253186 -0.8735366,46.9253168 -0.8735247,46.9253177 -0.8735123,46.9253158 -0.8735018,46.9253166 -0.8734889,46.9253146 -0.8734788,46.9253155 -0.8734658,46.9253141 -0.8734550,46.9253144 -0.8734325,46.9253114 -0.8734272,46.9253085 -0.8734175,46.9253092 -0.8734050,46.9253083 -0.8733935,46.9253092 -0.8733809,46.9253092 -0.8733696,46.9253106 -0.8733569,46.9253108 -0.8733466,46.9253042 -0.8733337,46.9253007 -0.8733208,46.9252939 -0.8733094,46.9252926 -0.8732981,46.9252900 -0.8732872,46.9252896 -0.8732767,46.9252879 -0.8732661,46.9252871 -0.8732566,46.9252854 -0.8732499,46.9252829 -0.8732360,46.9252753 -0.8732318,46.9252753 -0.8732207,46.9252743 -0.8732097,46.9252758 -0.8731999,46.9252765 -0.8731897,46.9252785 -0.8731759,46.9252753 -0.8731681,46.9252760 -0.8731578,46.9252779 -0.8731353,46.9252843 -0.8731212,46.9252859 -0.8731082,46.9252858 -0.8730961,46.9252868 -0.8730827,46.9252854 -0.8730704,46.9252856 -0.8730585,46.9252850 -0.8730452,46.9252846 -0.8730349,46.9252852 -0.8730254,46.9252855 -0.8730128,46.9252860 -0.8730006,46.9252862 -0.8729828,46.9252866 -0.8729762,46.9252869 -0.8729644,46.9252882 -0.8729533,46.9252889 -0.8729411,46.9252903 -0.8729290,46.9252929 -0.8729179,46.9252959 -0.8729045,46.9252999 -0.8728906,46.9253050 -0.8728817,46.9253089 -0.8728710,46.9253134 -0.8728622,46.9253181 -0.8728557,46.9253247 -0.8728512,46.9253315 -0.8728506,46.9253403 -0.8728542,46.9253473 -0.8728590,46.9253590 -0.8728641,46.9253625 -0.8728704,46.9253697 -0.8728771,46.9253770 -0.8728837,46.9253849 -0.8728885,46.9253915 -0.8728940,46.9253973 -0.8728988,46.9254039 -0.8729026,46.9254094 -0.8729085,46.9254162 -0.8729120,46.9254230 -0.8729179,46.9254336 -0.8729234,46.9254458 -0.8729318,46.9254593 -0.8729386,46.9254720 -0.8729459,46.9254817 -0.8729476,46.9254835 -0.8729514,46.9254894 -0.8729547,46.9254947 -0.8729594,46.9255017 -0.8729624,46.9255073 -0.8729665,46.9255148 -0.8729746,46.9255266 -0.8729770,46.9255303 -0.8729794,46.9255353 -0.8729834,46.9255437 -0.8729873,46.9255503 -0.8729926,46.9255574 -0.8729989,46.9255639 -0.8730039,46.9255695 -0.8730114,46.9255773 -0.8730169,46.9255856 -0.8730214,46.9255933 -0.8730228,46.9256009 -0.8730253,46.9256098 -0.8730311,46.9256221 -0.8730347,46.9256297 -0.8730379,46.9256334 -0.8730435,46.9256451 -0.8730472,46.9256521 -0.8730504,46.9256607 -0.8730527,46.9256672 -0.8730558,46.9256742 -0.8730591,46.9256807 -0.8730625,46.9256872 -0.8730660,46.9256945 -0.8730693,46.9257040 -0.8730733,46.9257073 -0.8730861,46.9257208 -0.8730925,46.9257280 -0.8730954,46.9257346 -0.8730986,46.9257416 -0.8730996,46.9257492 -0.8731015,46.9257584 -0.8731032,46.9257648 -0.8731054,46.9257724 -0.8731088,46.9257794 -0.8731114,46.9257859 -0.8731149,46.9258013 -0.8731187,46.9258115 -0.8731207,46.9258164 -0.8731199,46.9258238 -0.8731200,46.9258355 -0.8731255,46.9258473 -0.8731277,46.9258534 -0.8731315,46.9258600 -0.8731356,46.9258731 -0.8731396,46.9258844 -0.8731446,46.9258997 -0.8731482,46.9259085 -0.8731510,46.9259151 -0.8731577,46.9259297 -0.8731622,46.9259449 -0.8731610,46.9259595 -0.8731570,46.9259741 -0.8731541,46.9259881 -0.8731540,46.9259958 -0.8731541,46.9260042 -0.8731516,46.9260253 -0.8731521,46.9260374 -0.8731534,46.9260445 -0.8731540,46.9260506 -0.8731544,46.9260594 -0.8731527,46.9260762 -0.8731489,46.9260821 -0.8731364,46.9261076 -0.8731325,46.9261148 -0.8731285,46.9261198 -0.8731214,46.9261312 -0.8731143,46.9261445 -0.8731153,46.9261569 -0.8731156,46.9261630 -0.8731136,46.9261770 -0.8731073,46.9261853 -0.8731035,46.9261934 -0.8730978,46.9262070 -0.8730919,46.9262157 -0.8730891,46.9262215 -0.8730886,46.9262267 -0.8730828,46.9262327 -0.8730776,46.9262392 -0.8730684,46.9262442 -0.8730634,46.9262501 -0.8730512,46.9262560 -0.8730452,46.9262611 -0.8730374,46.9262664 -0.8730271,46.9262724 -0.8730136,46.9262796 -0.8729841,46.9262811 -0.8729778,46.9262820 -0.8729669,46.9262829 -0.8729575,46.9262836 -0.8729454,46.9262838 -0.8729357,46.9262860 -0.8729240,46.9262929 -0.8729290,46.9263087 -0.8729458,46.9263127 -0.8729548,46.9263111 -0.8729556,46.9263112 -0.8729541,46.9263099 -0.8729528,46.9263094 -0.8729508,46.9263097 -0.8729510,46.9263106 -0.8729461,46.9263131 -0.8729347,46.9263190 -0.8729111,46.9263325 -0.8728812,46.9263537 -0.8728707,46.9263612 -0.8728584,46.9263697 -0.8728500,46.9263747 -0.8728413,46.9263814 -0.8728238,46.9263926 -0.8728195,46.9263959 -0.8728049,46.9264049 -0.8727951,46.9264100 -0.8727816,46.9264186 -0.8727740,46.9264241 -0.8727614,46.9264334 -0.8727565,46.9264382 -0.8727491,46.9264430 -0.8727427,46.9264478 -0.8727284,46.9264577 -0.8727121,46.9264713 -0.8727016,46.9264780 -0.8726915,46.9264825 -0.8726841,46.9264883 -0.8726655,46.9264978 -0.8726344,46.9265085 -0.8726147,46.9265089 -0.8725919,46.9265128 -0.8725719,46.9265189 -0.8725629,46.9265246 -0.8725508,46.9265298 -0.8725335,46.9265384 -0.8725216,46.9265436 -0.8724998,46.9265504 -0.8724842,46.9265556 -0.8724740,46.9265582 -0.8724534,46.9265643 -0.8724340,46.9265711 -0.8724180,46.9265751 -0.8724106,46.9265800 -0.8723995,46.9265855 -0.8723955,46.9265909 -0.8723887,46.9265989 -0.8723832,46.9266122 -0.8723791,46.9266188 -0.8723721,46.9266237 -0.8723631,46.9266296 -0.8723487,46.9266395 -0.8723398,46.9266475 -0.8723359,46.9266536 -0.8723306,46.9266574 -0.8723165,46.9266824 -0.8723127,46.9266908 -0.8723064,46.9267054 -0.8722920,46.9267226 -0.8722873,46.9267367 -0.8722848,46.9267501 -0.8722815,46.9267635 -0.8722794,46.9267774 -0.8722787,46.9267842 -0.8722757,46.9267909 -0.8722722,46.9268046 -0.8722685,46.9268101 -0.8722680,46.9268187 -0.8722708,46.9268286 -0.8722687,46.9268383 -0.8722668,46.9268459 -0.8722656,46.9268542 -0.8722632,46.9268627 -0.8722609,46.9268777 -0.8722607,46.9268873 -0.8722606,46.9269025 -0.8722603,46.9269096 -0.8722620,46.9269180 -0.8722605,46.9269250 -0.8722598,46.9269340 -0.8722560,46.9269498 -0.8722568,46.9269678 -0.8722597,46.9269740 -0.8722627,46.9269807 -0.8722669,46.9269902 -0.8722695,46.9270012 -0.8722736,46.9270108 -0.8722792,46.9270216 -0.8722798,46.9270286 -0.8722859,46.9270565 -0.8722875,46.9270667 -0.8722940,46.9270856 -0.8723027,46.9270992 -0.8723086,46.9271131 -0.8723126,46.9271272 -0.8723206,46.9271443 -0.8723232,46.9271506 -0.8723260,46.9271561 -0.8723285,46.9271643 -0.8723361,46.9271788 -0.8723490,46.9271900 -0.8723518,46.9271985 -0.8723532,46.9272106 -0.8723546,46.9272163 -0.8723557,46.9272315 -0.8723553,46.9272472 -0.8723593,46.9272554 -0.8723627,46.9272603 -0.8723651,46.9272669 -0.8723671,46.9272723 -0.8723682,46.9272851 -0.8723713,46.9272959 -0.8723830,46.9273071 -0.8723983,46.9273166 -0.8724129,46.9273226 -0.8724293,46.9273256 -0.8724365,46.9273201 -0.8724392,46.9273123 -0.8724384,46.9273080 -0.8724377,46.9273061 -0.8724371,46.9273054 -0.8724392,46.9273067 -0.8724386,46.9273070 -0.8724396,46.9273127 -0.8724436,46.9273214 -0.8724478,46.9273261 -0.8724482,46.9273297 -0.8725029,46.9273449 -0.8725106,46.9273492 -0.8725189,46.9273563 -0.8725325,46.9273765 -0.8725375,46.9273940 -0.8725470,46.9274105 -0.8725528,46.9274172 -0.8725606,46.9274262 -0.8725679,46.9274332 -0.8725752,46.9274397 -0.8725837,46.9274467 -0.8725923,46.9274573 -0.8725973,46.9274633 -0.8726036,46.9274741 -0.8726114,46.9274860 -0.8726228,46.9274997 -0.8726357,46.9275111 -0.8726596,46.9275276 -0.8726739,46.9275365 -0.8726821,46.9275412 -0.8726909,46.9275476 -0.8726974,46.9275521 -0.8727068,46.9275573 -0.8727193,46.9275632 -0.8727397,46.9275668 -0.8727486,46.9275697 -0.8727581,46.9275755 -0.8727688,46.9275842 -0.8727760,46.9275898 -0.8727828,46.9275962 -0.8727932,46.9276003 -0.8728108,46.9276098 -0.8728213,46.9276140 -0.8728298,46.9276189 -0.8728382,46.9276231 -0.8728469,46.9276280 -0.8728536,46.9276326 -0.8728609,46.9276377 -0.8728660,46.9276415 -0.8728754,46.9276482 -0.8728806,46.9276522 -0.8728870,46.9276577 -0.8728936,46.9276623 -0.8729077,46.9276749 -0.8729111,46.9276835 -0.8729140,46.9276909 -0.8729123,46.9277080 -0.8729162,46.9277194 -0.8729220,46.9277333 -0.8729244,46.9277399 -0.8729287,46.9277479 -0.8729305,46.9277543 -0.8729334,46.9277622 -0.8729397,46.9277751 -0.8729462,46.9277879 -0.8729493,46.9277916 -0.8729541,46.9277975 -0.8729612,46.9278058 -0.8729666,46.9278119 -0.8729801,46.9278255 -0.8729932,46.9278385 -0.8730011,46.9278463 -0.8730078,46.9278531 -0.8730144,46.9278591 -0.8730201,46.9278656 -0.8730274,46.9278731 -0.8730309,46.9278808 -0.8730358,46.9278868 -0.8730401,46.9278939 -0.8730453,46.9278993 -0.8730509,46.9279069 -0.8730572,46.9279135 -0.8730586,46.9279203 -0.8730599,46.9279251 -0.8730641,46.9279325 -0.8730713,46.9279462 -0.8730783,46.9279605 -0.8730848,46.9279762 -0.8730907,46.9279920 -0.8730947,46.9280012 -0.8730976,46.9280094 -0.8730982,46.9280162 -0.8730964,46.9280295 -0.8730998,46.9280437 -0.8731073,46.9280596 -0.8731207,46.9280732 -0.8731312,46.9280806 -0.8731434,46.9280857 -0.8731510,46.9280934 -0.8731633,46.9280975 -0.8731776,46.9281044 -0.8731927,46.9281146 -0.8732037,46.9281258 -0.8732088,46.9281315 -0.8732146,46.9281374 -0.8732213,46.9281442 -0.8732364,46.9281554 -0.8732458,46.9281613 -0.8732515,46.9281664 -0.8732661,46.9281776 -0.8732771,46.9281909 -0.8732845,46.9282038 -0.8732926,46.9282126 -0.8732995,46.9282153 -0.8733090,46.9282153 -0.8733222,46.9282174 -0.8733209,46.9282186 -0.8733191,46.9282204 -0.8733150,46.9282283 -0.8733129,46.9282308 -0.8733104,46.9282326 -0.8733089,46.9282336 -0.8733079,46.9282340 -0.8733071,46.9282340 -0.8733070,46.9282341 -0.8733065,46.9282341 -0.8733059,46.9282337 -0.8733058,46.9282340 -0.8733069,46.9282362 -0.8733070,46.9282373 -0.8733123,46.9282448 -0.8733154,46.9282526 -0.8733178,46.9282564 -0.8732993,46.9282761 -0.8732986,46.9282793 -0.8732967,46.9282905 -0.8732973,46.9283081 -0.8732975,46.9283252 -0.8732990,46.9283432 -0.8732962,46.9283571 -0.8732925,46.9283662 -0.8732867,46.9283814 -0.8732777,46.9283969 -0.8732720,46.9284007 -0.8732682,46.9284091 -0.8732559,46.9284268 -0.8732469,46.9284365 -0.8732390,46.9284426 -0.8732324,46.9284493 -0.8732267,46.9284552 -0.8732210,46.9284620 -0.8732145,46.9284682 -0.8732085,46.9284741 -0.8732031,46.9284807 -0.8731939,46.9284887 -0.8731863,46.9284946 -0.8731748,46.9285030 -0.8731652,46.9285120 -0.8731540,46.9285242 -0.8731437,46.9285334 -0.8731347,46.9285403 -0.8731285,46.9285471 -0.8731194,46.9285546 -0.8731132,46.9285619 -0.8731058,46.9285686 -0.8731003,46.9285743 -0.8730852,46.9285861 -0.8730769,46.9285927 -0.8730696,46.9285981 -0.8730628,46.9286055 -0.8730568,46.9286129 -0.8730499,46.9286181 -0.8730439,46.9286235 -0.8730365,46.9286284 -0.8730243,46.9286385 -0.8730196,46.9286418 -0.8730065,46.9286495 -0.8729889,46.9286590 -0.8729783,46.9286654 -0.8729550,46.9286760 -0.8729405,46.9286845 -0.8729223,46.9286933 -0.8729042,46.9287009 -0.8728952,46.9287047 -0.8728858,46.9287077 -0.8728751,46.9287122 -0.8728623,46.9287160 -0.8728482,46.9287208 -0.8728345,46.9287262 -0.8728227,46.9287314 -0.8728126,46.9287367 -0.8728039,46.9287414 -0.8727953,46.9287454 -0.8727752,46.9287503 -0.8727627,46.9287485 -0.8727525,46.9287491 -0.8727383,46.9287521 -0.8727290,46.9287561 -0.8727191,46.9287581 -0.8727062,46.9287589 -0.8726958,46.9287584 -0.8726851,46.9287597 -0.8726764,46.9287593 -0.8726645,46.9287628 -0.8726560,46.9287632 -0.8726470,46.9287683 -0.8726372,46.9287702 -0.8726133,46.9287889 -0.8726060,46.9287929 -0.8725990,46.9287992 -0.8725891,46.9288047 -0.8725780,46.9288225 -0.8725683,46.9288338 -0.8725613,46.9288363 -0.8725570,46.9288379 -0.8725541,46.9288416 -0.8725546,46.9288415 -0.8725565,46.9288400 -0.8725588,46.9288379 -0.8725605,46.9288361 -0.8725613,46.9288350 -0.8725618,46.9288342 -0.8725622,46.9288333 -0.8725623,46.9288330 -0.8725628,46.9288328 -0.8725613,46.9288335 -0.8725533,46.9288347 -0.8725375,46.9288354 -0.8725264,46.9288383 -0.8725099,46.9288413 -0.8725000,46.9288438 -0.8724834,46.9288444 -0.8724656,46.9288427 -0.8724507,46.9288418 -0.8724336,46.9288411 -0.8724233,46.9288409 -0.8723980,46.9288435 -0.8723718,46.9288535 -0.8723487,46.9288654 -0.8723254,46.9288760 -0.8723021,46.9288862 -0.8722807,46.9288980 -0.8722660,46.9289047 -0.8722424,46.9289171 -0.8722270,46.9289262 -0.8722110,46.9289361 -0.8721940,46.9289435 -0.8721843,46.9289470 -0.8721746,46.9289493 -0.8721641,46.9289526 -0.8721552,46.9289547 -0.8721430,46.9289585 -0.8721216,46.9289645 -0.8721061,46.9289691 -0.8720939,46.9289731 -0.8720766,46.9289796 -0.8720625,46.9289843 -0.8720340,46.9289936 -0.8720168,46.9290047 -0.8720076,46.9290150 -0.8719977,46.9290181 -0.8719849,46.9290234 -0.8719658,46.9290294 -0.8719490,46.9290377 -0.8719397,46.9290422 -0.8719309,46.9290446 -0.8719179,46.9290473 -0.8719056,46.9290500 -0.8718964,46.9290529 -0.8718854,46.9290583 -0.8718759,46.9290617 -0.8718653,46.9290669 -0.8718570,46.9290705 -0.8718469,46.9290756 -0.8718389,46.9290802 -0.8718296,46.9290852 -0.8718211,46.9290900 -0.8718006,46.9290984 -0.8717792,46.9291065 -0.8717599,46.9291161 -0.8717434,46.9291231 -0.8717244,46.9291293 -0.8717172,46.9291309 -0.8717074,46.9291329 -0.8716985,46.9291353 -0.8716895,46.9291383 -0.8716784,46.9291419 -0.8716668,46.9291466 -0.8716520,46.9291514 -0.8716433,46.9291543 -0.8716235,46.9291605 -0.8716127,46.9291631 -0.8715951,46.9291678 -0.8715796,46.9291701 -0.8715563,46.9291739 -0.8715274,46.9291769 -0.8715069,46.9291795 -0.8714864,46.9291819 -0.8714665,46.9291859 -0.8714472,46.9291844 -0.8714372,46.9291852 -0.8714272,46.9291844 -0.8714073,46.9291847 -0.8714034,46.9291831 -0.8713925,46.9291826 -0.8713720,46.9291816 -0.8713478,46.9291809 -0.8713328,46.9291790 -0.8713209,46.9291782 -0.8713009,46.9291791 -0.8712770,46.9291780 -0.8712533,46.9291728 -0.8712350,46.9291708 -0.8712112,46.9291699 -0.8711915,46.9291722 -0.8711809,46.9291735 -0.8711601,46.9291747 -0.8711507,46.9291755 -0.8711426,46.9291769 -0.8711331,46.9291780 -0.8711218,46.9291794 -0.8711124,46.9291796 -0.8710983,46.9291807 -0.8710738,46.9291811 -0.8710504,46.9291819 -0.8710259,46.9291832 -0.8710119,46.9291840 -0.8710008,46.9291859 -0.8709862,46.9291873 -0.8709539,46.9291842 -0.8709368,46.9291840 -0.8709259,46.9291827 -0.8709058,46.9291827 -0.8709027,46.9291806 -0.8708902,46.9291807 -0.8708721,46.9291754 -0.8708624,46.9291744 -0.8708528,46.9291723 -0.8708405,46.9291710 -0.8708256,46.9291681 -0.8708099,46.9291655 -0.8707933,46.9291639 -0.8707778,46.9291609 -0.8707657,46.9291587 -0.8707538,46.9291568 -0.8707436,46.9291539 -0.8707306,46.9291481 -0.8707204,46.9291407 -0.8707089,46.9291352 -0.8706993,46.9291319 -0.8706878,46.9291271 -0.8706751,46.9291170 -0.8706690,46.9291125 -0.8706600,46.9291040 -0.8706617,46.9290951 -0.8706660,46.9290896 -0.8706632,46.9290873 -0.8706562,46.9290856 -0.8706446,46.9290819 -0.8706328,46.9290789 -0.8706222,46.9290763 -0.8706100,46.9290747 -0.8705963,46.9290727 -0.8705816,46.9290727 -0.8705712,46.9290719 -0.8705570,46.9290716 -0.8705470,46.9290707 -0.8705341,46.9290673 -0.8705248,46.9290649 -0.8705055,46.9290531 -0.8704871,46.9290447 -0.8704767,46.9290383 -0.8704682,46.9290345 -0.8704596,46.9290274 -0.8704510,46.9290183 -0.8704361,46.9290084 -0.8704193,46.9289956 -0.8704032,46.9289860 -0.8703867,46.9289737 -0.8703802,46.9289684 -0.8703719,46.9289632 -0.8703639,46.9289589 -0.8703554,46.9289547 -0.8703459,46.9289494 -0.8703353,46.9289442 -0.8703210,46.9289341 -0.8703146,46.9289331 -0.8703061,46.9289296 -0.8702847,46.9289212 -0.8702626,46.9289109 -0.8702508,46.9289056 -0.8702409,46.9289011 -0.8702296,46.9288950 -0.8702210,46.9288888 -0.8702098,46.9288838 -0.8702021,46.9288781 -0.8701894,46.9288708 -0.8701725,46.9288619 -0.8701628,46.9288567 -0.8701538,46.9288507 -0.8701457,46.9288468 -0.8701375,46.9288409 -0.8701301,46.9288362 -0.8701177,46.9288284 -0.8701103,46.9288248 -0.8700977,46.9288201 -0.8700878,46.9288153 -0.8700765,46.9288101 -0.8700664,46.9288048 -0.8700548,46.9288004 -0.8700439,46.9287980 -0.8700307,46.9287955 -0.8700206,46.9287948 -0.8700087,46.9287932 -0.8699979,46.9287925 -0.8699857,46.9287916 -0.8699767,46.9287915 -0.8699651,46.9287901 -0.8699561,46.9287887 -0.8699487,46.9287872 -0.8699381,46.9287862 -0.8699261,46.9287849 -0.8699058,46.9287864 -0.8698961,46.9287888 -0.8698813,46.9287937 -0.8698677,46.9287993 -0.8698532,46.9288073 -0.8698359,46.9288196 -0.8698261,46.9288279 -0.8698189,46.9288342 -0.8698085,46.9288441 -0.8697936,46.9288583 -0.8697859,46.9288655 -0.8697709,46.9288752 -0.8697565,46.9288812 -0.8697496,46.9288907 -0.8697483,46.9288980 -0.8697457,46.9289050 -0.8697394,46.9289119 -0.8697268,46.9289222 -0.8697203,46.9289289 -0.8697040,46.9289396 -0.8696861,46.9289463 -0.8696773,46.9289495 -0.8696652,46.9289524 -0.8696549,46.9289555 -0.8696416,46.9289549 -0.8696303,46.9289565 -0.8696204,46.9289572 -0.8696103,46.9289616 -0.8695952,46.9289716 -0.8695873,46.9289779 -0.8695758,46.9289908 -0.8695709,46.9289978 -0.8695584,46.9290087 -0.8695528,46.9290123 -0.8695433,46.9290160 -0.8695279,46.9290228 -0.8695068,46.9290287 -0.8694898,46.9290357 -0.8694759,46.9290427 -0.8694579,46.9290510 -0.8694487,46.9290540 -0.8694301,46.9290597 -0.8694201,46.9290625 -0.8694117,46.9290653 -0.8694028,46.9290678 -0.8693935,46.9290724 -0.8693745,46.9290808 -0.8693564,46.9290881 -0.8693427,46.9290916 -0.8693319,46.9290931 -0.8693153,46.9291005 -0.8693024,46.9291134 -0.8692870,46.9291239 -0.8692754,46.9291318 -0.8692672,46.9291372 -0.8692578,46.9291456 -0.8692459,46.9291572 -0.8692343,46.9291685 -0.8692283,46.9291761 -0.8692231,46.9291815 -0.8692134,46.9291953 -0.8692066,46.9291994 -0.8692013,46.9292050 -0.8691921,46.9292124 -0.8691866,46.9292183 -0.8691791,46.9292253 -0.8691734,46.9292316 -0.8691655,46.9292402 -0.8691541,46.9292547 -0.8691422,46.9292708 -0.8691303,46.9292853 -0.8691250,46.9292912 -0.8691177,46.9292981 -0.8691129,46.9293039 -0.8691066,46.9293097 -0.8691007,46.9293165 -0.8690948,46.9293211 -0.8690874,46.9293291 -0.8690776,46.9293383 -0.8690712,46.9293444 -0.8690625,46.9293542 -0.8690562,46.9293614 -0.8690516,46.9293671 -0.8690462,46.9293748 -0.8690421,46.9293812 -0.8690354,46.9293904 -0.8690304,46.9293976 -0.8690253,46.9294055 -0.8690213,46.9294119 -0.8690154,46.9294207 -0.8690043,46.9294338 -0.8689988,46.9294389 -0.8689939,46.9294468 -0.8689891,46.9294528 -0.8689853,46.9294593 -0.8689818,46.9294669 -0.8689788,46.9294743 -0.8689758,46.9294876 -0.8689750,46.9294909 -0.8689729,46.9295005 -0.8689712,46.9295124 -0.8689690,46.9295222 -0.8689680,46.9295304 -0.8689669,46.9295450 -0.8689669,46.9295610 -0.8689654,46.9295771 -0.8689642,46.9295924 -0.8689658,46.9296072 -0.8689705,46.9296214 -0.8689742,46.9296265 -0.8689790,46.9296329 -0.8689839,46.9296393 -0.8689893,46.9296448 -0.8689998,46.9296571 -0.8690046,46.9296612 -0.8690125,46.9296689 -0.8690229,46.9296780 -0.8690310,46.9296842 -0.8690378,46.9296900 -0.8690453,46.9296986 -0.8690510,46.9297054 -0.8690573,46.9297122 -0.8690615,46.9297184 -0.8690684,46.9297265 -0.8690734,46.9297330 -0.8690816,46.9297411 -0.8690933,46.9297537 -0.8690985,46.9297589 -0.8691060,46.9297668 -0.8691179,46.9297785 -0.8691245,46.9297841 -0.8691272,46.9297862 -0.8691411,46.9297979 -0.8691453,46.9298019 -0.8691537,46.9298081 -0.8691610,46.9298147 -0.8691672,46.9298202 -0.8691805,46.9298328 -0.8691900,46.9298406 -0.8691975,46.9298467 -0.8692106,46.9298583 -0.8692180,46.9298661 -0.8692305,46.9298798 -0.8692422,46.9298942 -0.8692532,46.9299084 -0.8692623,46.9299224 -0.8692672,46.9299291 -0.8692756,46.9299385 -0.8692779,46.9299419 -0.8692825,46.9299468 -0.8692884,46.9299541 -0.8692989,46.9299675 -0.8693088,46.9299820 -0.8693162,46.9299908 -0.8693215,46.9299986 -0.8693316,46.9300114 -0.8693385,46.9300190 -0.8693436,46.9300239 -0.8693512,46.9300315 -0.8693630,46.9300441 -0.8693722,46.9300533 -0.8693775,46.9300588 -0.8693839,46.9300659 -0.8693935,46.9300768 -0.8693972,46.9300809 -0.8694006,46.9300848 -0.8694047,46.9300892 -0.8694115,46.9300957 -0.8694172,46.9301023 -0.8694228,46.9301083 -0.8694284,46.9301144 -0.8694343,46.9301205 -0.8694400,46.9301273 -0.8694449,46.9301335 -0.8694545,46.9301477 -0.8694596,46.9301573 -0.8694655,46.9301738 -0.8694702,46.9301875 -0.8694754,46.9302001 -0.8694776,46.9302062 -0.8694814,46.9302136 -0.8694847,46.9302190 -0.8694877,46.9302262 -0.8694890,46.9302344 -0.8694896,46.9302441 -0.8694898,46.9302520 -0.8694910,46.9302604 -0.8694917,46.9302688 -0.8694927,46.9302777 -0.8694925,46.9302858 -0.8694928,46.9302942 -0.8694918,46.9303026 -0.8694913,46.9303099 -0.8694896,46.9303180 -0.8694879,46.9303270 -0.8694856,46.9303337 -0.8694830,46.9303423 -0.8694787,46.9303490 -0.8694733,46.9303571 -0.8694681,46.9303637 -0.8694623,46.9303711 -0.8694605,46.9303772 -0.8694595,46.9303893 -0.8694586,46.9303931 -0.8694603,46.9304001 -0.8694589,46.9304073 -0.8694611,46.9304151 -0.8694602,46.9304224 -0.8694625,46.9304308 -0.8694619,46.9304381 -0.8694632,46.9304474 -0.8694628,46.9304552 -0.8694626,46.9304644 -0.8694620,46.9304727 -0.8694600,46.9304825 -0.8694585,46.9304898 -0.8694569,46.9305005 -0.8694535,46.9305168 -0.8694517,46.9305241 -0.8694494,46.9305336 -0.8694477,46.9305494 -0.8694467,46.9305637 -0.8694469,46.9305696 -0.8694473,46.9305769 -0.8694470,46.9305839 -0.8694466,46.9305895 -0.8694458,46.9305960 -0.8694445,46.9306024 -0.8694434,46.9306107 -0.8694406,46.9306210 -0.8694369,46.9306304 -0.8694344,46.9306368 -0.8694292,46.9306440 -0.8694231,46.9306509 -0.8694176,46.9306571 -0.8694085,46.9306703 -0.8694055,46.9306803 -0.8694041,46.9306878 -0.8694008,46.9306968 -0.8693993,46.9307035 -0.8693954,46.9307114 -0.8693916,46.9307221 -0.8693878,46.9307300 -0.8693784,46.9307395 -0.8693695,46.9307433 -0.8693699,46.9307440 -0.8693760,46.9307450 -0.8693811,46.9307460 -0.8693851,46.9307479 -0.8693869,46.9307500 -0.8693881,46.9307531 -0.8693884,46.9307541 -0.8693895,46.9307620 -0.8693902,46.9307713 -0.8693920,46.9307819 -0.8693889,46.9307924 -0.8693875,46.9308005 -0.8693825,46.9308101 -0.8693806,46.9308187 -0.8693775,46.9308265 -0.8693754,46.9308337 -0.8693713,46.9308468 -0.8693715,46.9308498 -0.8693700,46.9308562 -0.8693698,46.9308630 -0.8693680,46.9308705 -0.8693666,46.9308763 -0.8693652,46.9308815 -0.8693619,46.9308886 -0.8693602,46.9308938 -0.8693549,46.9308999 -0.8693525,46.9309054 -0.8693491,46.9309120 -0.8693509,46.9309218 -0.8693508,46.9309358 -0.8693529,46.9309409 -0.8693529,46.9309480 -0.8693528,46.9309572 -0.8693527,46.9309650 -0.8693516,46.9309745 -0.8693517,46.9309820 -0.8693511,46.9309901 -0.8693517,46.9309978 -0.8693506,46.9310053 -0.8693495,46.9310127 -0.8693478,46.9310205 -0.8693467,46.9310271 -0.8693463,46.9310339 -0.8693482,46.9310451 -0.8693488,46.9310498 -0.8693497,46.9310554 -0.8693510,46.9310615 -0.8693517,46.9310694 -0.8693518,46.9310766 -0.8693511,46.9310845 -0.8693508,46.9310993 -0.8693529,46.9311074 -0.8693542,46.9311150 -0.8693548,46.9311228 -0.8693549,46.9311291 -0.8693553,46.9311371 -0.8693548,46.9311442 -0.8693539,46.9311502 -0.8693539,46.9311583 -0.8693546,46.9311644 -0.8693580,46.9311724 -0.8693614,46.9311787 -0.8693656,46.9311867 -0.8693704,46.9311936 -0.8693751,46.9311999 -0.8693804,46.9312071 -0.8693835,46.9312148 -0.8693860,46.9312212 -0.8693906,46.9312289 -0.8693942,46.9312356 -0.8694023,46.9312436 -0.8694072,46.9312494 -0.8694144,46.9312557 -0.8694186,46.9312634 -0.8694235,46.9312705 -0.8694273,46.9312775 -0.8694375,46.9312865 -0.8694393,46.9312911 -0.8694423,46.9312976 -0.8694466,46.9313035 -0.8694476,46.9313097 -0.8694504,46.9313182 -0.8694497,46.9313265 -0.8694526,46.9313351 -0.8694525,46.9313444 -0.8694556,46.9313528 -0.8694557,46.9313602 -0.8694570,46.9313689 -0.8694568,46.9313755 -0.8694574,46.9313828 -0.8694586,46.9313907 -0.8694596,46.9313986 -0.8694601,46.9314062 -0.8694598,46.9314151 -0.8694605,46.9314247 -0.8694637,46.9314375 -0.8694720,46.9314536 -0.8694724,46.9314608 -0.8694697,46.9314727 -0.8694668,46.9314817 -0.8694647,46.9314922 -0.8694638,46.9314987 -0.8694622,46.9315079 -0.8694582,46.9315206 -0.8694546,46.9315275 -0.8694510,46.9315338 -0.8694465,46.9315405 -0.8694438,46.9315460 -0.8694397,46.9315544 -0.8694372,46.9315609 -0.8694321,46.9315688 -0.8694296,46.9315750 -0.8694246,46.9315830 -0.8694220,46.9315899 -0.8694184,46.9315966 -0.8694143,46.9316072 -0.8694107,46.9316115 -0.8694123,46.9316093 -0.8694152,46.9316061 -0.8694167,46.9316031 -0.8694173,46.9316025 -0.8694180,46.9316021 -0.8694180,46.9316020 -0.8694185,46.9316017 -0.8694189,46.9316020 -0.8694185,46.9316017 -0.8694187,46.9316013 -0.8694189,46.9316009 -0.8694187,46.9316011 -0.8694187,46.9316012 -0.8694186,46.9316012 -0.8694184,46.9316013 -0.8694181,46.9316011 -0.8694180,46.9316010 -0.8694176,46.9316014 -0.8694170,46.9316016 -0.8694168,46.9316016 -0.8694165,46.9316018 -0.8694163,46.9316019 -0.8694160,46.9316021 -0.8694158,46.9316023 -0.8694155,46.9316026 -0.8694153,46.9316027 -0.8694150,46.9316028 -0.8694149,46.9316030 -0.8694147,46.9316032 -0.8694146,46.9316034 -0.8694144,46.9316036 -0.8694142,46.9316039 -0.8694142,46.9316040 -0.8694140,46.9316041 -0.8694139,46.9316041 -0.8694139,46.9316044 -0.8694138,46.9316046 -0.8694137,46.9316047 -0.8694137,46.9316047 -0.8694140,46.9316047 -0.8694132,46.9316060 -0.8694112,46.9316134 -0.8694080,46.9316169 -0.8694077,46.9316260 -0.8694064,46.9316299 -0.8694095,46.9316455 -0.8694118,46.9316568 -0.8694116,46.9316683 -0.8694147,46.9316776 -0.8694167,46.9316844 -0.8694184,46.9316909 -0.8694196,46.9316971 -0.8694202,46.9317057 -0.8694195,46.9317113 -0.8694197,46.9317189 -0.8694197,46.9317248 -0.8694187,46.9317349 -0.8694201,46.9317475 -0.8694253,46.9317598 -0.8694303,46.9317694 -0.8694312,46.9317764 -0.8694345,46.9317827 -0.8694347,46.9317918 -0.8694356,46.9318019 -0.8694371,46.9318153 -0.8694350,46.9318250 -0.8694352,46.9318324 -0.8694334,46.9318413 -0.8694312,46.9318500 -0.8694321,46.9318583 -0.8694351,46.9318665 -0.8694387,46.9318741 -0.8694412,46.9318801 -0.8694444,46.9318886 -0.8694485,46.9319005 -0.8694509,46.9319065 -0.8694528,46.9319119 -0.8694610,46.9319232 -0.8694610,46.9319252 -0.8694641,46.9319309 -0.8694668,46.9319379 -0.8694695,46.9319447 -0.8694708,46.9319508 -0.8694734,46.9319581 -0.8694737,46.9319652 -0.8694755,46.9319725 -0.8694753,46.9319792 -0.8694742,46.9319850 -0.8694739,46.9319934 -0.8694703,46.9320001 -0.8694687,46.9320083 -0.8694662,46.9320153 -0.8694647,46.9320231 -0.8694627,46.9320288 -0.8694607,46.9320377 -0.8694599,46.9320437 -0.8694594,46.9320517 -0.8694600,46.9320585 -0.8694613,46.9320707 -0.8694614,46.9320750 -0.8694608,46.9320800 -0.8694508,46.9320862 -0.8694479,46.9320906 -0.8694503,46.9320998 -0.8694556,46.9321117 -0.8694653,46.9321203 -0.8694689,46.9321264 -0.8694770,46.9321346 -0.8694816,46.9321421 -0.8694861,46.9321506 -0.8694905,46.9321579 -0.8694959,46.9321635 -0.8694995,46.9321693 -0.8695080,46.9321739 -0.8695055,46.9321774 -0.8695062,46.9321874 -0.8695013,46.9321900 -0.8694985,46.9321902 -0.8694945,46.9321882 -0.8694912,46.9321873 -0.8694883,46.9321859 -0.8694866,46.9321859 -0.8694862,46.9321856 -0.8694843,46.9321855 -0.8694846,46.9321855 -0.8694855,46.9321872 -0.8694877,46.9321907 -0.8694890,46.9321920 -0.8694933,46.9321974 -0.8694979,46.9322023 -0.8695080,46.9322128 -0.8695069,46.9322388 -0.8695071,46.9322456 -0.8695145,46.9322751 -0.8695163,46.9322942 -0.8695188,46.9323103 -0.8695211,46.9323257 -0.8695209,46.9323335 -0.8695192,46.9323411 -0.8695180,46.9323504 -0.8695167,46.9323608 -0.8695163,46.9323675 -0.8695150,46.9323872 -0.8695146,46.9323983 -0.8695127,46.9324072 -0.8695097,46.9324233 -0.8695094,46.9324376 -0.8695110,46.9324450 -0.8695105,46.9324557 -0.8695116,46.9324718 -0.8695157,46.9324869 -0.8695189,46.9325014 -0.8695198,46.9325142 -0.8695210,46.9325180 -0.8695208,46.9325250 -0.8695236,46.9325399 -0.8695271,46.9325556 -0.8695313,46.9325720 -0.8695333,46.9325896 -0.8695361,46.9326074 -0.8695410,46.9326233 -0.8695458,46.9326346 -0.8695544,46.9326480 -0.8695568,46.9326562 -0.8695559,46.9326640 -0.8695514,46.9326792 -0.8695458,46.9326904 -0.8695420,46.9326975 -0.8695380,46.9327039 -0.8695329,46.9327133 -0.8695286,46.9327229 -0.8695258,46.9327307 -0.8695246,46.9327377 -0.8695235,46.9327459 -0.8695219,46.9327526 -0.8695197,46.9327614 -0.8695185,46.9327727 -0.8695181,46.9327794 -0.8695195,46.9327990 -0.8695204,46.9328144 -0.8695189,46.9328291 -0.8695174,46.9328413 -0.8695174,46.9328479 -0.8695173,46.9328564 -0.8695177,46.9328632 -0.8695186,46.9328704 -0.8695194,46.9328799 -0.8695197,46.9328891 -0.8695187,46.9329019 -0.8695157,46.9329126 -0.8695114,46.9329284 -0.8695064,46.9329376 -0.8695017,46.9329449 -0.8694973,46.9329541 -0.8694887,46.9329729 -0.8694857,46.9329860 -0.8694853,46.9330016 -0.8694860,46.9330154 -0.8694851,46.9330223 -0.8694832,46.9330285 -0.8694808,46.9330365 -0.8694793,46.9330458 -0.8694787,46.9330525 -0.8694781,46.9330618 -0.8694757,46.9330738 -0.8694732,46.9330830 -0.8694726,46.9330981 -0.8694724,46.9331060 -0.8694709,46.9331126 -0.8694695,46.9331224 -0.8694667,46.9331299 -0.8694656,46.9331391 -0.8694606,46.9331550 -0.8694583,46.9331621 -0.8694570,46.9331692 -0.8694553,46.9331753 -0.8694536,46.9331827 -0.8694525,46.9331894 -0.8694521,46.9331953 -0.8694517,46.9332029 -0.8694536,46.9332097 -0.8694556,46.9332229 -0.8694570,46.9332320 -0.8694559,46.9332414 -0.8694539,46.9332492 -0.8694521,46.9332568 -0.8694509,46.9332631 -0.8694499,46.9332729 -0.8694502,46.9332901 -0.8694516,46.9332978 -0.8694536,46.9333069 -0.8694553,46.9333135 -0.8694568,46.9333215 -0.8694584,46.9333336 -0.8694605,46.9333405 -0.8694612,46.9333463 -0.8694634,46.9333539 -0.8694647,46.9333632 -0.8694669,46.9333756 -0.8694705,46.9333842 -0.8694676,46.9333981 -0.8694593,46.9334044 -0.8694525,46.9334111 -0.8694480,46.9334196 -0.8694476,46.9334265 -0.8694509,46.9334392 -0.8694575,46.9334532 -0.8694632,46.9334661 -0.8694619,46.9334732 -0.8694626,46.9334821 -0.8694643,46.9334959 -0.8694693,46.9335029 -0.8694743,46.9335084 -0.8694871,46.9335202 -0.8694818,46.9335355 -0.8694811,46.9335495 -0.8694818,46.9335563 -0.8694793,46.9335637 -0.8694779,46.9335719 -0.8694727,46.9335824 -0.8694687,46.9335934 -0.8694617,46.9336050 -0.8694506,46.9336106 -0.8694430,46.9336145 -0.8694341,46.9336203 -0.8694300,46.9336251 -0.8694227,46.9336324 -0.8694207,46.9336352 -0.8694105,46.9336453 -0.8694080,46.9336468 -0.8694046,46.9336484 -0.8693967,46.9336525 -0.8693916,46.9336548 -0.8693903,46.9336555 -0.8693918,46.9336542 -0.8693938,46.9336522 -0.8693957,46.9336505 -0.8693957,46.9336504 -0.8693957,46.9336508 -0.8693962,46.9336509 -0.8693955,46.9336511 -0.8693953,46.9336512 -0.8693936,46.9336507 -0.8693935,46.9336508 -0.8693904,46.9336500 -0.8693900,46.9336498 -0.8693849,46.9336499 -0.8693800,46.9336489 -0.8693775,46.9336479 -0.8693767,46.9336479 -0.8693740,46.9336470 -0.8693692,46.9336479 -0.8693625,46.9336512 -0.8693449,46.9336574 -0.8693302,46.9336646 -0.8693216,46.9336661 -0.8693124,46.9336640 -0.8693042,46.9336624 -0.8692925,46.9336600 -0.8692857,46.9336602 -0.8692764,46.9336584 -0.8692779,46.9336562 -0.8692801,46.9336547 -0.8692808,46.9336535 -0.8692811,46.9336520 -0.8692814,46.9336501 -0.8692818,46.9336482 -0.8692812,46.9336471 -0.8692779,46.9336428 -0.8692739,46.9336393 -0.8692712,46.9336367 -0.8692681,46.9336339 -0.8692645,46.9336314 -0.8692604,46.9336292 -0.8692569,46.9336277 -0.8692523,46.9336269 -0.8692516,46.9336268 -0.8692442,46.9336249 -0.8692393,46.9336239 -0.8692346,46.9336227 -0.8692299,46.9336217 -0.8692270,46.9336214 -0.8692253,46.9336210 -0.8692244,46.9336210 -0.8692161,46.9336207 -0.8692113,46.9336209 -0.8692086,46.9336210 -0.8691990,46.9336185 -0.8691954,46.9336173 -0.8691923,46.9336168 -0.8691914,46.9336174 -0.8691767,46.9336260 -0.8691707,46.9336248 -0.8691637,46.9336250 -0.8691578,46.9336242 -0.8691530,46.9336233 -0.8691493,46.9336224 -0.8691442,46.9336220 -0.8691367,46.9336207 -0.8691354,46.9336188 -0.8691349,46.9336118 -0.8691365,46.9336079 -0.8691380,46.9336048 -0.8691395,46.9336015 -0.8691396,46.9335978 -0.8691394,46.9335926 -0.8691357,46.9335884 -0.8691349,46.9335856 -0.8691202,46.9335825 -0.8691142,46.9335821 -0.8691062,46.9335802 -0.8691008,46.9335801 -0.8690950,46.9335796 -0.8690946,46.9335797 -0.8690809,46.9335787 -0.8690748,46.9335776 -0.8690684,46.9335764 -0.8690659,46.9335760 -0.8690543,46.9335746 -0.8690505,46.9335737 -0.8690395,46.9335715 -0.8690203,46.9335689 -0.8690024,46.9335695 -0.8689925,46.9335690 -0.8689791,46.9335662 -0.8689597,46.9335543 -0.8689411,46.9335412 -0.8689295,46.9335353 -0.8689190,46.9335304 -0.8689073,46.9335256 -0.8688902,46.9335190 -0.8688822,46.9335158 -0.8688629,46.9335082 -0.8688459,46.9335028 -0.8688343,46.9335017 -0.8688262,46.9335028 -0.8688123,46.9335030 -0.8687946,46.9335064 -0.8687764,46.9335109 -0.8687692,46.9335125 -0.8687628,46.9335157 -0.8687493,46.9335213 -0.8687367,46.9335297 -0.8687180,46.9335358 -0.8687078,46.9335369 -0.8686990,46.9335368 -0.8686884,46.9335348 -0.8686814,46.9335322 -0.8686670,46.9335267 -0.8686639,46.9335251 -0.8686573,46.9335225 -0.8686457,46.9335178 -0.8686305,46.9335137 -0.8686143,46.9335077 -0.8686049,46.9334980 -0.8685991,46.9334879 -0.8685927,46.9334753 -0.8685946,46.9334604 -0.8685967,46.9334476 -0.8685946,46.9334416 -0.8685943,46.9334357 -0.8685930,46.9334280 -0.8685956,46.9334205 -0.8685968,46.9334128 -0.8685979,46.9334025 -0.8686024,46.9333959 -0.8686046,46.9333904 -0.8686007,46.9333780 -0.8685995,46.9333733 -0.8686000,46.9333659 -0.8686036,46.9333545 -0.8686126,46.9333436 -0.8686158,46.9333372 -0.8686159,46.9333319 -0.8686182,46.9333257 -0.8686180,46.9333186 -0.8686186,46.9333123 -0.8686144,46.9333056 -0.8686128,46.9332998 -0.8686085,46.9332932 -0.8686050,46.9332865 -0.8686024,46.9332809 -0.8686000,46.9332745 -0.8685981,46.9332666 -0.8685952,46.9332588 -0.8685932,46.9332549 -0.8685889,46.9332503 -0.8685841,46.9332445 -0.8685866,46.9332323 -0.8685867,46.9332258 -0.8685819,46.9332195 -0.8685772,46.9332138 -0.8685747,46.9332067 -0.8685707,46.9331995 -0.8685715,46.9331877 -0.8685731,46.9331769 -0.8685718,46.9331624 -0.8685732,46.9331531 -0.8685746,46.9331457 -0.8685745,46.9331383 -0.8685762,46.9331242 -0.8685808,46.9331092 -0.8685856,46.9330945 -0.8685888,46.9330787 -0.8685895,46.9330717 -0.8685879,46.9330583 -0.8685897,46.9330473 -0.8685906,46.9330404 -0.8685912,46.9330332 -0.8685918,46.9330247 -0.8685917,46.9330139 -0.8685902,46.9330038 -0.8685885,46.9329922 -0.8685877,46.9329776 -0.8685879,46.9329684 -0.8685831,46.9329534 -0.8685813,46.9329410 -0.8685802,46.9329351 -0.8685789,46.9329266 -0.8685751,46.9329203 -0.8685699,46.9329111 -0.8685640,46.9328971 -0.8685610,46.9328898 -0.8685578,46.9328837 -0.8685538,46.9328755 -0.8685486,46.9328599 -0.8685483,46.9328548 -0.8685471,46.9328492 -0.8685470,46.9328424 -0.8685460,46.9328347 -0.8685427,46.9328210 -0.8685427,46.9328156 -0.8685407,46.9328060 -0.8685380,46.9327916 -0.8685323,46.9327785 -0.8685297,46.9327666 -0.8685290,46.9327609 -0.8685297,46.9327552 -0.8685303,46.9327465 -0.8685342,46.9327388 -0.8685377,46.9327328 -0.8685462,46.9327246 -0.8685497,46.9327174 -0.8685509,46.9327097 -0.8685519,46.9326949 -0.8685541,46.9326890 -0.8685567,46.9326768 -0.8685617,46.9326655 -0.8685695,46.9326554 -0.8685718,46.9326498 -0.8685737,46.9326438 -0.8685754,46.9326362 -0.8685787,46.9326281 -0.8685804,46.9326221 -0.8685849,46.9326138 -0.8685880,46.9326078 -0.8685928,46.9325992 -0.8685970,46.9325903 -0.8685991,46.9325850 -0.8686013,46.9325801 -0.8686046,46.9325712 -0.8686095,46.9325583 -0.8686120,46.9325520 -0.8686148,46.9325434 -0.8686158,46.9325364 -0.8686162,46.9325299 -0.8686176,46.9325223 -0.8686177,46.9325138 -0.8686179,46.9325067 -0.8686157,46.9324981 -0.8686147,46.9324900 -0.8686137,46.9324829 -0.8686127,46.9324748 -0.8686100,46.9324678 -0.8686086,46.9324627 -0.8686089,46.9324535 -0.8686103,46.9324391 -0.8686075,46.9324338 -0.8686037,46.9324269 -0.8686004,46.9324212 -0.8685952,46.9324146 -0.8685854,46.9324019 -0.8685840,46.9323972 -0.8685803,46.9323907 -0.8685784,46.9323830 -0.8685774,46.9323718 -0.8685818,46.9323570 -0.8685882,46.9323508 -0.8685882,46.9323409 -0.8685843,46.9323334 -0.8685837,46.9323312 -0.8685844,46.9323285 -0.8685826,46.9323266 -0.8685801,46.9323250 -0.8685786,46.9323250 -0.8685772,46.9323250 -0.8685763,46.9323241 -0.8685753,46.9323234 -0.8685744,46.9323228 -0.8685735,46.9323226 -0.8685726,46.9323226 -0.8685723,46.9323226 -0.8685722,46.9323227 -0.8685724,46.9323229 -0.8685724,46.9323235 -0.8685727,46.9323237 -0.8685728,46.9323242 -0.8685730,46.9323239 -0.8685721,46.9323240 -0.8685744,46.9323217 -0.8685745,46.9323183 -0.8685711,46.9323133 -0.8685682,46.9323091 -0.8685674,46.9323031 -0.8685570,46.9322970 -0.8685482,46.9322922 -0.8685387,46.9322847 -0.8685314,46.9322775 -0.8685270,46.9322727 -0.8685234,46.9322634 -0.8685209,46.9322569 -0.8685190,46.9322459 -0.8685173,46.9322383 -0.8685126,46.9322302 -0.8685088,46.9322246 -0.8685040,46.9322167 -0.8685016,46.9322106 -0.8684987,46.9321991 -0.8684972,46.9321941 -0.8684949,46.9321865 -0.8684931,46.9321806 -0.8684911,46.9321730 -0.8684899,46.9321657 -0.8684882,46.9321586 -0.8684863,46.9321493 -0.8684840,46.9321432 -0.8684823,46.9321362 -0.8684801,46.9321294 -0.8684774,46.9321200 -0.8684759,46.9321145 -0.8684734,46.9321039 -0.8684737,46.9321003 -0.8684729,46.9320934 -0.8684739,46.9320878 -0.8684724,46.9320799 -0.8684721,46.9320674 -0.8684706,46.9320612 -0.8684707,46.9320556 -0.8684673,46.9320481 -0.8684682,46.9320419 -0.8684652,46.9320349 -0.8684648,46.9320219 -0.8684631,46.9320178 -0.8684645,46.9320119 -0.8684652,46.9320060 -0.8684624,46.9319968 -0.8684619,46.9319895 -0.8684591,46.9319822 -0.8684571,46.9319749 -0.8684546,46.9319684 -0.8684503,46.9319584 -0.8684468,46.9319461 -0.8684414,46.9319367 -0.8684344,46.9319307 -0.8684285,46.9319252 -0.8684282,46.9319243 -0.8684294,46.9319250 -0.8684305,46.9319251 -0.8684310,46.9319243 -0.8684308,46.9319223 -0.8684307,46.9319210 -0.8684275,46.9319099 -0.8684271,46.9319078 -0.8684187,46.9318866 -0.8684110,46.9318685 -0.8684067,46.9318567 -0.8684013,46.9318479 -0.8683981,46.9318391 -0.8683913,46.9318306 -0.8683872,46.9318219 -0.8683801,46.9318146 -0.8683734,46.9318080 -0.8683677,46.9318012 -0.8683619,46.9317962 -0.8683552,46.9317878 -0.8683473,46.9317790 -0.8683411,46.9317722 -0.8683355,46.9317654 -0.8683291,46.9317533 -0.8683292,46.9317471 -0.8683284,46.9317379 -0.8683298,46.9317317 -0.8683290,46.9317233 -0.8683310,46.9317173 -0.8683311,46.9317088 -0.8683325,46.9317024 -0.8683337,46.9316951 -0.8683346,46.9316886 -0.8683366,46.9316822 -0.8683386,46.9316733 -0.8683398,46.9316643 -0.8683409,46.9316572 -0.8683411,46.9316494 -0.8683409,46.9316426 -0.8683431,46.9316351 -0.8683445,46.9316290 -0.8683463,46.9316215 -0.8683474,46.9316164 -0.8683487,46.9316084 -0.8683498,46.9316041 -0.8683510,46.9315963 -0.8683530,46.9315919 -0.8683561,46.9315836 -0.8683574,46.9315784 -0.8683588,46.9315709 -0.8683604,46.9315645 -0.8683630,46.9315582 -0.8683663,46.9315508 -0.8683694,46.9315444 -0.8683723,46.9315379 -0.8683719,46.9315316 -0.8683731,46.9315250 -0.8683754,46.9315175 -0.8683789,46.9315103 -0.8683849,46.9314996 -0.8683860,46.9314943 -0.8683878,46.9314872 -0.8683901,46.9314811 -0.8683918,46.9314744 -0.8683936,46.9314614 -0.8683936,46.9314551 -0.8683939,46.9314484 -0.8683916,46.9314345 -0.8683883,46.9314265 -0.8683864,46.9314209 -0.8683854,46.9314075 -0.8683807,46.9313943 -0.8683709,46.9313857 -0.8683545,46.9313758 -0.8683448,46.9313711 -0.8683360,46.9313657 -0.8683270,46.9313619 -0.8683168,46.9313572 -0.8683040,46.9313551 -0.8682942,46.9313546 -0.8682860,46.9313517 -0.8682760,46.9313497 -0.8682665,46.9313464 -0.8682566,46.9313446 -0.8682436,46.9313407 -0.8682363,46.9313393 -0.8682277,46.9313370 -0.8682175,46.9313323 -0.8682119,46.9313282 -0.8682014,46.9313226 -0.8681954,46.9313182 -0.8681856,46.9313137 -0.8681795,46.9313085 -0.8681716,46.9313014 -0.8681573,46.9312921 -0.8681531,46.9312869 -0.8681444,46.9312786 -0.8681397,46.9312752 -0.8681349,46.9312704 -0.8681270,46.9312652 -0.8681228,46.9312610 -0.8681158,46.9312557 -0.8681087,46.9312510 -0.8681029,46.9312464 -0.8680944,46.9312409 -0.8680870,46.9312362 -0.8680753,46.9312301 -0.8680599,46.9312247 -0.8680450,46.9312210 -0.8680412,46.9312217 -0.8680343,46.9312226 -0.8680285,46.9312253 -0.8680198,46.9312306 -0.8680179,46.9312367 -0.8680109,46.9312449 -0.8680066,46.9312508 -0.8680014,46.9312568 -0.8679957,46.9312633 -0.8679892,46.9312695 -0.8679850,46.9312754 -0.8679812,46.9312789 -0.8679731,46.9312901 -0.8679679,46.9312939 -0.8679598,46.9312974 -0.8679512,46.9313026 -0.8679454,46.9313063 -0.8679402,46.9313119 -0.8679367,46.9313176 -0.8679337,46.9313250 -0.8679328,46.9313307 -0.8679292,46.9313376 -0.8679255,46.9313415 -0.8679228,46.9313435 -0.8679091,46.9313527 -0.8678997,46.9313552 -0.8678889,46.9313576 -0.8678766,46.9313559 -0.8678637,46.9313517 -0.8678489,46.9313448 -0.8678398,46.9313381 -0.8678325,46.9313329 -0.8678234,46.9313278 -0.8678167,46.9313210 -0.8678086,46.9313159 -0.8677994,46.9313073 -0.8677937,46.9313034 -0.8677876,46.9312979 -0.8677800,46.9312932 -0.8677718,46.9312880 -0.8677633,46.9312839 -0.8677536,46.9312796 -0.8677457,46.9312762 -0.8677348,46.9312716 -0.8677253,46.9312672 -0.8677167,46.9312633 -0.8677089,46.9312597 -0.8677010,46.9312560 -0.8676864,46.9312507 -0.8676810,46.9312486 -0.8676742,46.9312468 -0.8676679,46.9312442 -0.8676548,46.9312397 -0.8676429,46.9312372 -0.8676365,46.9312386 -0.8676240,46.9312390 -0.8676109,46.9312375 -0.8676050,46.9312315 -0.8676018,46.9312288 -0.8675996,46.9312194 -0.8676050,46.9312154 -0.8676049,46.9312078 -0.8675980,46.9312011 -0.8675854,46.9311973 -0.8675747,46.9311965 -0.8675649,46.9311952 -0.8675582,46.9311942 -0.8675540,46.9311933 -0.8675470,46.9311905 -0.8675448,46.9311892 -0.8675386,46.9311838 -0.8675348,46.9311801 -0.8675312,46.9311778 -0.8675220,46.9311744 -0.8675064,46.9311752 -0.8674965,46.9311782 -0.8674862,46.9311778 -0.8674783,46.9311744 -0.8674691,46.9311724 -0.8674621,46.9311696 -0.8674519,46.9311676 -0.8674377,46.9311635 -0.8674327,46.9311622 -0.8674277,46.9311616 -0.8674218,46.9311612 -0.8674142,46.9311601 -0.8674090,46.9311592 -0.8673984,46.9311570 -0.8673920,46.9311567 -0.8673832,46.9311537 -0.8673767,46.9311529 -0.8673673,46.9311499 -0.8673599,46.9311504 -0.8673517,46.9311496 -0.8673333,46.9311458 -0.8673308,46.9311448 -0.8673224,46.9311425 -0.8673125,46.9311391 -0.8673046,46.9311370 -0.8672896,46.9311326 -0.8672832,46.9311298 -0.8672783,46.9311279 -0.8672682,46.9311247 -0.8672627,46.9311239 -0.8672495,46.9311224 -0.8672432,46.9311233 -0.8672275,46.9311242 -0.8672214,46.9311232 -0.8672142,46.9311216 -0.8672083,46.9311191 -0.8671982,46.9311166 -0.8671889,46.9311124 -0.8671809,46.9311096 -0.8671726,46.9311058 -0.8671651,46.9311036 -0.8671561,46.9311015 -0.8671479,46.9311000 -0.8671387,46.9310980 -0.8671285,46.9310954 -0.8671189,46.9310938 -0.8671007,46.9310891 -0.8670837,46.9310839 -0.8670749,46.9310818 -0.8670663,46.9310794 -0.8670552,46.9310767 -0.8670420,46.9310729 -0.8670310,46.9310697 -0.8670164,46.9310659 -0.8669996,46.9310623 -0.8669937,46.9310611 -0.8669864,46.9310596 -0.8669786,46.9310584 -0.8669672,46.9310555 -0.8669583,46.9310524 -0.8669491,46.9310491 -0.8669419,46.9310461 -0.8669323,46.9310340 -0.8669304,46.9310184 -0.8669030,46.9310134 -0.8668675,46.9310159 -0.8668611,46.9310180 -0.8668523,46.9310155 -0.8668354,46.9310138 -0.8668186,46.9310106 -0.8668021,46.9310059 -0.8667753,46.9309962 -0.8667632,46.9309926 -0.8667526,46.9309901 -0.8667322,46.9309857 -0.8667125,46.9309817 -0.8666932,46.9309798 -0.8666767,46.9309761 -0.8666617,46.9309704 -0.8666532,46.9309674 -0.8666464,46.9309643 -0.8666366,46.9309605 -0.8666175,46.9309525 -0.8666048,46.9309450 -0.8665897,46.9309343 -0.8665751,46.9309258 -0.8665611,46.9309183 -0.8665459,46.9309117 -0.8665255,46.9309037 -0.8665205,46.9309035 -0.8665133,46.9309017 -0.8665017,46.9308987 -0.8664879,46.9308957 -0.8664806,46.9308932 -0.8664658,46.9308890 -0.8664526,46.9308817 -0.8664340,46.9308739 -0.8664231,46.9308681 -0.8664000,46.9308566 -0.8663839,46.9308517 -0.8663675,46.9308473 -0.8663509,46.9308427 -0.8663421,46.9308407 -0.8663343,46.9308378 -0.8663249,46.9308344 -0.8663155,46.9308290 -0.8663073,46.9308253 -0.8662872,46.9308145 -0.8662669,46.9308082 -0.8662489,46.9308038 -0.8662310,46.9307993 -0.8662140,46.9307936 -0.8661973,46.9307871 -0.8661804,46.9307817 -0.8661649,46.9307778 -0.8661596,46.9307758 -0.8661446,46.9307728 -0.8661272,46.9307678 -0.8661137,46.9307643 -0.8661034,46.9307620 -0.8660902,46.9307573 -0.8660629,46.9307468 -0.8660451,46.9307393 -0.8660293,46.9307338 -0.8660225,46.9307302 -0.8660115,46.9307266 -0.8660039,46.9307226 -0.8659952,46.9307186 -0.8659796,46.9307131 -0.8659762,46.9307110 -0.8659667,46.9307077 -0.8659470,46.9307006 -0.8659254,46.9306942 -0.8659057,46.9306881 -0.8658827,46.9306826 -0.8658619,46.9306783 -0.8658355,46.9306743 -0.8658300,46.9306733 -0.8658230,46.9306714 -0.8658057,46.9306674 -0.8657952,46.9306651 -0.8657747,46.9306591 -0.8657631,46.9306553 -0.8657534,46.9306537 -0.8657349,46.9306459 -0.8657272,46.9306396 -0.8657140,46.9306321 -0.8657063,46.9306294 -0.8656993,46.9306263 -0.8656875,46.9306230 -0.8656817,46.9306203 -0.8656728,46.9306152 -0.8656651,46.9306102 -0.8656610,46.9305943 -0.8656657,46.9305845 -0.8656677,46.9305764 -0.8656719,46.9305666 -0.8656742,46.9305568 -0.8656750,46.9305529 -0.8656744,46.9305489 -0.8656742,46.9305441 -0.8656741,46.9305402 -0.8656754,46.9305413 -0.8656755,46.9305433 -0.8656764,46.9305446 -0.8656768,46.9305450 -0.8656780,46.9305472 -0.8656782,46.9305479 -0.8656791,46.9305489 -0.8656808,46.9305494 -0.8656820,46.9305500 -0.8656839,46.9305505 -0.8656847,46.9305504 -0.8656850,46.9305506 -0.8656854,46.9305503 -0.8656865,46.9305480 -0.8656860,46.9305469 -0.8656937,46.9305406 -0.8657126,46.9305314 -0.8657227,46.9305275 -0.8657325,46.9305195 -0.8657424,46.9305142 -0.8657500,46.9305049 -0.8657575,46.9305013 -0.8657683,46.9304952 -0.8657670,46.9304939 -0.8657713,46.9304908 -0.8657735,46.9304881 -0.8657764,46.9304866 -0.8657768,46.9304821 -0.8657757,46.9304779 -0.8657761,46.9304721 -0.8657755,46.9304665 -0.8657787,46.9304621 -0.8657816,46.9304551 -0.8657870,46.9304438 -0.8657884,46.9304405 -0.8657902,46.9304347 -0.8657936,46.9304266 -0.8657957,46.9304195 -0.8657995,46.9304125 -0.8658022,46.9304040 -0.8658052,46.9303990 -0.8658089,46.9303929 -0.8658111,46.9303885 -0.8658139,46.9303821 -0.8658179,46.9303757 -0.8658218,46.9303645 -0.8658237,46.9303613 -0.8658247,46.9303553 -0.8658264,46.9303496 -0.8658290,46.9303439 -0.8658321,46.9303362 -0.8658347,46.9303287 -0.8658345,46.9303224 -0.8658355,46.9303169 -0.8658362,46.9303086 -0.8658403,46.9303022 -0.8658423,46.9302957 -0.8658478,46.9302905 -0.8658493,46.9302884 -0.8658603,46.9302772 -0.8658670,46.9302737 -0.8658705,46.9302674 -0.8658770,46.9302612 -0.8658813,46.9302544 -0.8658857,46.9302489 -0.8658884,46.9302418 -0.8658924,46.9302355 -0.8658956,46.9302276 -0.8658999,46.9302221 -0.8659026,46.9302162 -0.8659071,46.9302101 -0.8659140,46.9302015 -0.8659183,46.9301920 -0.8659210,46.9301833 -0.8659246,46.9301766 -0.8659270,46.9301694 -0.8659337,46.9301569 -0.8659357,46.9301502 -0.8659394,46.9301449 -0.8659452,46.9301355 -0.8659493,46.9301299 -0.8659525,46.9301227 -0.8659547,46.9301162 -0.8659559,46.9301089 -0.8659602,46.9300966 -0.8659611,46.9300925 -0.8659633,46.9300864 -0.8659650,46.9300813 -0.8659629,46.9300739 -0.8659683,46.9300675 -0.8659724,46.9300612 -0.8659814,46.9300537 -0.8659878,46.9300475 -0.8659927,46.9300405 -0.8659972,46.9300348 -0.8660023,46.9300262 -0.8660084,46.9300198 -0.8660126,46.9300130 -0.8660172,46.9300059 -0.8660205,46.9299996 -0.8660234,46.9299933 -0.8660257,46.9299847 -0.8660278,46.9299795 -0.8660309,46.9299737 -0.8660361,46.9299633 -0.8660379,46.9299619 -0.8660411,46.9299556 -0.8660426,46.9299518 -0.8660398,46.9299511 -0.8660381,46.9299512 -0.8660371,46.9299512 -0.8660365,46.9299514 -0.8660365,46.9299511 -0.8660361,46.9299510 -0.8660364,46.9299501 -0.8660369,46.9299454 -0.8660379,46.9299431 -0.8660429,46.9299337 -0.8660465,46.9299296 -0.8660497,46.9299181 -0.8660541,46.9299105 -0.8660591,46.9299000 -0.8660640,46.9298928 -0.8660712,46.9298834 -0.8660782,46.9298752 -0.8660853,46.9298681 -0.8660919,46.9298616 -0.8660994,46.9298534 -0.8661038,46.9298459 -0.8661091,46.9298392 -0.8661123,46.9298322 -0.8661210,46.9298224 -0.8661225,46.9298167 -0.8661258,46.9298094 -0.8661280,46.9298040 -0.8661329,46.9297970 -0.8661402,46.9297883 -0.8661439,46.9297822 -0.8661473,46.9297761 -0.8661496,46.9297696 -0.8661530,46.9297621 -0.8661545,46.9297492 -0.8661530,46.9297408 -0.8661467,46.9297347 -0.8661414,46.9297285 -0.8661356,46.9297245 -0.8661264,46.9297140 -0.8661221,46.9297099 -0.8661157,46.9297035 -0.8661097,46.9296983 -0.8661030,46.9296932 -0.8660944,46.9296869 -0.8660876,46.9296832 -0.8660798,46.9296784 -0.8660711,46.9296730 -0.8660646,46.9296689 -0.8660571,46.9296634 -0.8660517,46.9296583 -0.8660501,46.9296565 -0.8660403,46.9296462 -0.8660349,46.9296405 -0.8660303,46.9296343 -0.8660255,46.9296286 -0.8660202,46.9296228 -0.8660135,46.9296159 -0.8660074,46.9296106 -0.8660014,46.9296063 -0.8659942,46.9296020 -0.8659882,46.9295977 -0.8659792,46.9295899 -0.8659746,46.9295844 -0.8659686,46.9295782 -0.8659593,46.9295672 -0.8659562,46.9295644 -0.8659532,46.9295598 -0.8659500,46.9295547 -0.8659452,46.9295475 -0.8659410,46.9295419 -0.8659365,46.9295355 -0.8659320,46.9295301 -0.8659267,46.9295240 -0.8659201,46.9295188 -0.8659138,46.9295140 -0.8659064,46.9295085 -0.8658998,46.9295037 -0.8658888,46.9294955 -0.8658857,46.9294925 -0.8658796,46.9294873 -0.8658737,46.9294826 -0.8658670,46.9294772 -0.8658609,46.9294710 -0.8658556,46.9294658 -0.8658489,46.9294586 -0.8658437,46.9294524 -0.8658385,46.9294464 -0.8658333,46.9294396 -0.8658282,46.9294334 -0.8658225,46.9294283 -0.8658126,46.9294202 -0.8658077,46.9294171 -0.8658021,46.9294122 -0.8657948,46.9294073 -0.8657894,46.9294012 -0.8657834,46.9293960 -0.8657723,46.9293828 -0.8657668,46.9293758 -0.8657620,46.9293698 -0.8657546,46.9293638 -0.8657493,46.9293575 -0.8657427,46.9293523 -0.8657399,46.9293482 -0.8657273,46.9293377 -0.8657229,46.9293324 -0.8657180,46.9293274 -0.8657107,46.9293209 -0.8657057,46.9293148 -0.8656985,46.9293081 -0.8656933,46.9293021 -0.8656863,46.9292959 -0.8656754,46.9292841 -0.8656701,46.9292765 -0.8656668,46.9292689 -0.8656628,46.9292586 -0.8656545,46.9292504 -0.8656459,46.9292453 -0.8656407,46.9292382 -0.8656365,46.9292325 -0.8656319,46.9292257 -0.8656227,46.9292131 -0.8656140,46.9292050 -0.8656022,46.9291892 -0.8655931,46.9291790 -0.8655853,46.9291692 -0.8655822,46.9291639 -0.8655789,46.9291585 -0.8655675,46.9291475 -0.8655630,46.9291456 -0.8655567,46.9291410 -0.8655426,46.9291280 -0.8655351,46.9291191 -0.8655305,46.9291132 -0.8655239,46.9291057 -0.8655181,46.9290981 -0.8655107,46.9290913 -0.8655045,46.9290847 -0.8654977,46.9290782 -0.8654955,46.9290723 -0.8654911,46.9290660 -0.8654879,46.9290589 -0.8654839,46.9290538 -0.8654710,46.9290440 -0.8654659,46.9290422 -0.8654576,46.9290381 -0.8654494,46.9290330 -0.8654412,46.9290281 -0.8654339,46.9290214 -0.8654241,46.9290150 -0.8654168,46.9290085 -0.8654108,46.9290006 -0.8654040,46.9289943 -0.8653969,46.9289879 -0.8653896,46.9289829 -0.8653845,46.9289762 -0.8653780,46.9289701 -0.8653746,46.9289636 -0.8653714,46.9289580 -0.8653624,46.9289469 -0.8653607,46.9289441 -0.8653547,46.9289395 -0.8653481,46.9289334 -0.8653409,46.9289278 -0.8653342,46.9289227 -0.8653254,46.9289167 -0.8653149,46.9289059 -0.8653053,46.9288984 -0.8653012,46.9288918 -0.8652949,46.9288858 -0.8652912,46.9288801 -0.8652851,46.9288748 -0.8652756,46.9288667 -0.8652750,46.9288647 -0.8652680,46.9288594 -0.8652644,46.9288540 -0.8652585,46.9288473 -0.8652549,46.9288407 -0.8652520,46.9288353 -0.8652472,46.9288297 -0.8652448,46.9288258 -0.8652388,46.9288172 -0.8652387,46.9288110 -0.8652383,46.9288038 -0.8652414,46.9288021 -0.8652464,46.9287903 -0.8652478,46.9287827 -0.8652498,46.9287769 -0.8652484,46.9287668 -0.8652489,46.9287604 -0.8652529,46.9287531 -0.8652556,46.9287463 -0.8652611,46.9287396 -0.8652657,46.9287337 -0.8652691,46.9287267 -0.8652736,46.9287211 -0.8652742,46.9287192 -0.8652791,46.9287079 -0.8652809,46.9287013 -0.8652840,46.9286969 -0.8652875,46.9286928 -0.8652937,46.9286857 -0.8652990,46.9286803 -0.8653039,46.9286751 -0.8653075,46.9286696 -0.8653090,46.9286649 -0.8653109,46.9286573 -0.8653130,46.9286530 -0.8653148,46.9286506 -0.8653243,46.9286395 -0.8653275,46.9286360 -0.8653377,46.9286295 -0.8653512,46.9286253 -0.8653552,46.9286197 -0.8653558,46.9286096 -0.8653510,46.9286083 -0.8653444,46.9286112 -0.8653409,46.9286129 -0.8653408,46.9286133 -0.8653445,46.9286120 -0.8653474,46.9286121 -0.8653551,46.9286088 -0.8653583,46.9286079 -0.8653738,46.9286008 -0.8653835,46.9285996 -0.8653975,46.9285948 -0.8654064,46.9285896 -0.8654172,46.9285874 -0.8654212,46.9285826 -0.8654360,46.9285783 -0.8654357,46.9285737 -0.8654377,46.9285671 -0.8654431,46.9285607 -0.8654451,46.9285501 -0.8654493,46.9285448 -0.8654512,46.9285346 -0.8654595,46.9285292 -0.8654652,46.9285223 -0.8654735,46.9285190 -0.8654780,46.9285115 -0.8654790,46.9285039 -0.8654803,46.9285019 -0.8654887,46.9284859 -0.8654905,46.9284774 -0.8654940,46.9284697 -0.8654937,46.9284606 -0.8654969,46.9284534 -0.8654935,46.9284447 -0.8654949,46.9284360 -0.8654887,46.9284271 -0.8654839,46.9284211 -0.8654830,46.9284129 -0.8654810,46.9284081 -0.8654809,46.9284059 -0.8654830,46.9283936 -0.8654867,46.9283915 -0.8654902,46.9283854 -0.8654963,46.9283821 -0.8655007,46.9283767 -0.8655081,46.9283747 -0.8655160,46.9283745 -0.8655237,46.9283688 -0.8655310,46.9283666 -0.8655371,46.9283607 -0.8655422,46.9283584 -0.8655466,46.9283557 -0.8655524,46.9283464 -0.8655545,46.9283465 -0.8655575,46.9283413 -0.8655623,46.9283389 -0.8655677,46.9283342 -0.8655757,46.9283321 -0.8655808,46.9283307 -0.8655861,46.9283247 -0.8655886,46.9283204 -0.8655936,46.9283154 -0.8655981,46.9283103 -0.8656031,46.9283074 -0.8656131,46.9282963 -0.8656169,46.9282954 -0.8656213,46.9282901 -0.8656283,46.9282862 -0.8656346,46.9282845 -0.8656406,46.9282786 -0.8656444,46.9282744 -0.8656479,46.9282677 -0.8656512,46.9282636 -0.8656550,46.9282601 -0.8656614,46.9282541 -0.8656674,46.9282494 -0.8656767,46.9282406 -0.8656777,46.9282386 -0.8656820,46.9282338 -0.8656856,46.9282291 -0.8656897,46.9282263 -0.8656965,46.9282199 -0.8657018,46.9282170 -0.8657077,46.9282137 -0.8657140,46.9282094 -0.8657208,46.9282062 -0.8657308,46.9282018 -0.8657391,46.9282011 -0.8657414,46.9281998 -0.8657555,46.9281924 -0.8657634,46.9281843 -0.8657731,46.9281730 -0.8657775,46.9281659 -0.8657798,46.9281636 -0.8657805,46.9281632 -0.8657805,46.9281658 -0.8657829,46.9281654 -0.8657866,46.9281651 -0.8657912,46.9281620 -0.8657932,46.9281608 -0.8658036,46.9281546 -0.8658093,46.9281514 -0.8658197,46.9281445 -0.8658272,46.9281397 -0.8658343,46.9281331 -0.8658405,46.9281287 -0.8658474,46.9281243 -0.8658528,46.9281203 -0.8658579,46.9281178 -0.8658708,46.9281091 -0.8658766,46.9281102 -0.8658834,46.9281076 -0.8658917,46.9281065 -0.8658976,46.9281071 -0.8659066,46.9281053 -0.8659165,46.9281044 -0.8659240,46.9281022 -0.8659316,46.9280986 -0.8659399,46.9280963 -0.8659497,46.9280930 -0.8659555,46.9280900 -0.8659702,46.9280843 -0.8659725,46.9280809 -0.8659754,46.9280781 -0.8659835,46.9280728 -0.8659887,46.9280693 -0.8659980,46.9280647 -0.8660044,46.9280600 -0.8660120,46.9280548 -0.8660193,46.9280492 -0.8660262,46.9280441 -0.8660329,46.9280391 -0.8660395,46.9280354 -0.8660414,46.9280342 -0.8660536,46.9280252 -0.8660569,46.9280224 -0.8660632,46.9280161 -0.8660680,46.9280115 -0.8660740,46.9280068 -0.8660802,46.9280014 -0.8660847,46.9279961 -0.8660876,46.9279891 -0.8660881,46.9279833 -0.8660887,46.9279761 -0.8660899,46.9279702 -0.8660906,46.9279661 -0.8660903,46.9279583 -0.8660891,46.9279531 -0.8660872,46.9279444 -0.8660852,46.9279396 -0.8660827,46.9279347 -0.8660776,46.9279289 -0.8660696,46.9279243 -0.8660630,46.9279197 -0.8660566,46.9279171 -0.8660519,46.9279161 -0.8660431,46.9279112 -0.8660380,46.9279074 -0.8660296,46.9279027 -0.8660235,46.9278989 -0.8660200,46.9278957 -0.8660126,46.9278926 -0.8660083,46.9278894 -0.8660012,46.9278861 -0.8659952,46.9278828 -0.8659940,46.9278798 -0.8659869,46.9278738 -0.8659860,46.9278682 -0.8659819,46.9278629 -0.8659834,46.9278605 -0.8659821,46.9278507 -0.8659779,46.9278463 -0.8659734,46.9278436 -0.8659685,46.9278400 -0.8659631,46.9278364 -0.8659649,46.9278354 -0.8659685,46.9278370 -0.8659715,46.9278382 -0.8659722,46.9278386 -0.8659725,46.9278368 -0.8659726,46.9278327 -0.8659719,46.9278302 -0.8659700,46.9278239 -0.8659679,46.9278214 -0.8659627,46.9278141 -0.8659584,46.9278057 -0.8659541,46.9277995 -0.8659475,46.9277915 -0.8659428,46.9277858 -0.8659331,46.9277774 -0.8659304,46.9277754 -0.8659209,46.9277695 -0.8659118,46.9277596 -0.8659059,46.9277530 -0.8659044,46.9277450 -0.8659006,46.9277392 -0.8658993,46.9277318 -0.8658968,46.9277273 -0.8658915,46.9277213 -0.8658885,46.9277161 -0.8658789,46.9277055 -0.8658798,46.9277036 -0.8658744,46.9276976 -0.8658724,46.9276919 -0.8658717,46.9276868 -0.8658683,46.9276778 -0.8658650,46.9276711 -0.8658615,46.9276656 -0.8658589,46.9276595 -0.8658581,46.9276544 -0.8658523,46.9276491 -0.8658481,46.9276484 -0.8658340,46.9276477 -0.8658275,46.9276526 -0.8658286,46.9276540 -0.8658297,46.9276566 -0.8658329,46.9276592 -0.8658346,46.9276598 -0.8658363,46.9276582 -0.8658380,46.9276577 -0.8658387,46.9276547 -0.8658389,46.9276541 -0.8658390,46.9276437 -0.8658372,46.9276324 -0.8658346,46.9276204 -0.8658321,46.9276094 -0.8658296,46.9276019 -0.8658297,46.9275936 -0.8658311,46.9275862 -0.8658306,46.9275774 -0.8658359,46.9275699 -0.8658357,46.9275616 -0.8658444,46.9275493 -0.8658482,46.9275450 -0.8658504,46.9275392 -0.8658534,46.9275341 -0.8658549,46.9275235 -0.8658560,46.9275177 -0.8658540,46.9275113 -0.8658538,46.9275064 -0.8658532,46.9275006 -0.8658538,46.9274949 -0.8658563,46.9274924 -0.8658558,46.9274848 -0.8658572,46.9274806 -0.8658556,46.9274734 -0.8658536,46.9274690 -0.8658518,46.9274658 -0.8658466,46.9274590 -0.8658450,46.9274546 -0.8658414,46.9274491 -0.8658399,46.9274437 -0.8658393,46.9274409 -0.8658347,46.9274357 -0.8658340,46.9274321 -0.8658294,46.9274261 -0.8658274,46.9274223 -0.8658215,46.9274144 -0.8658193,46.9274122 -0.8658168,46.9274088 -0.8658107,46.9274029 -0.8658053,46.9273975 -0.8657995,46.9273929 -0.8657946,46.9273895 -0.8657893,46.9273876 -0.8657799,46.9273854 -0.8657742,46.9273828 -0.8657704,46.9273793 -0.8657656,46.9273749 -0.8657601,46.9273687 -0.8657560,46.9273655 -0.8657524,46.9273616 -0.8657499,46.9273573 -0.8657439,46.9273523 -0.8657405,46.9273480 -0.8657379,46.9273423 -0.8657350,46.9273363 -0.8657339,46.9273295 -0.8657309,46.9273237 -0.8657293,46.9273172 -0.8657261,46.9273115 -0.8657227,46.9273026 -0.8657234,46.9273001 -0.8657216,46.9272935 -0.8657216,46.9272889 -0.8657185,46.9272814 -0.8657182,46.9272765 -0.8657176,46.9272719 -0.8657162,46.9272653 -0.8657167,46.9272589 -0.8657163,46.9272533 -0.8657170,46.9272478 -0.8657170,46.9272443 -0.8657153,46.9272343 -0.8657149,46.9272330 -0.8657134,46.9272268 -0.8657121,46.9272231 -0.8657116,46.9272182 -0.8657112,46.9272126 -0.8657126,46.9272071 -0.8657132,46.9272017 -0.8657145,46.9271964 -0.8657149,46.9271911 -0.8657151,46.9271857 -0.8657158,46.9271815 -0.8657164,46.9271704 -0.8657171,46.9271695 -0.8657176,46.9271636 -0.8657193,46.9271591 -0.8657220,46.9271550 -0.8657275,46.9271478 -0.8657275,46.9271435 -0.8657277,46.9271401 -0.8657344,46.9271370 -0.8657666,46.9271382 -0.8657733,46.9271424 -0.8657799,46.9271449 -0.8657765,46.9271436 -0.8657741,46.9271427 -0.8657722,46.9271418 -0.8657702,46.9271414 -0.8657683,46.9271414 -0.8657664,46.9271409 -0.8657654,46.9271406 -0.8657639,46.9271405 -0.8657626,46.9271405 -0.8657615,46.9271411 -0.8657597,46.9271414 -0.8657585,46.9271407 -0.8657591,46.9271392 -0.8657639,46.9271376 -0.8657653,46.9271344 -0.8657675,46.9271304 -0.8657753,46.9271268 -0.8657828,46.9271158 -0.8657817,46.9271069 -0.8657885,46.9271014 -0.8657868,46.9270981 -0.8657849,46.9270897 -0.8657940,46.9270873 -0.8657972,46.9270845 -0.8658002,46.9270758 -0.8658075,46.9270664 -0.8658081,46.9270492 -0.8658090,46.9270392 -0.8658113,46.9270321 -0.8658105,46.9270264 -0.8658147,46.9270178 -0.8658130,46.9270117 -0.8658136,46.9270093 -0.8658150,46.9269943 -0.8658146,46.9269912 -0.8658212,46.9269883 -0.8658152,46.9269902 -0.8658066,46.9269914 -0.8657975,46.9269919 -0.8657896,46.9269925 -0.8657821,46.9269915 -0.8657706,46.9269899 -0.8657619,46.9269894 -0.8657541,46.9269888 -0.8657490,46.9269881 -0.8657441,46.9269871 -0.8657254,46.9269740 -0.8657235,46.9269731 -0.8657195,46.9269730 -0.8657158,46.9269728 -0.8657157,46.9269725 -0.8657178,46.9269735 -0.8657187,46.9269737 -0.8657170,46.9269735 -0.8657112,46.9269698 -0.8657072,46.9269629 -0.8657081,46.9269545 -0.8657131,46.9269474 -0.8657201,46.9269392 -0.8657266,46.9269307 -0.8657321,46.9269222 -0.8657373,46.9269118 -0.8657434,46.9269016 -0.8657515,46.9268911 -0.8657640,46.9268827 -0.8657777,46.9268772 -0.8657910,46.9268734 -0.8658024,46.9268642 -0.8658080,46.9268544 -0.8658110,46.9268440 -0.8658180,46.9268334 -0.8658252,46.9268236 -0.8658309,46.9268196 -0.8658382,46.9268145 -0.8658438,46.9268095 -0.8658497,46.9268044 -0.8658531,46.9267984 -0.8658580,46.9267927 -0.8658605,46.9267883 -0.8658627,46.9267839 -0.8658669,46.9267788 -0.8658722,46.9267749 -0.8658819,46.9267689 -0.8658873,46.9267637 -0.8658930,46.9267568 -0.8658964,46.9267506 -0.8659018,46.9267441 -0.8659076,46.9267379 -0.8659139,46.9267329 -0.8659211,46.9267251 -0.8659275,46.9267178 -0.8659329,46.9267109 -0.8659398,46.9267056 -0.8659453,46.9267002 -0.8659479,46.9266982 -0.8659568,46.9266867 -0.8659610,46.9266803 -0.8659662,46.9266745 -0.8659717,46.9266688 -0.8659795,46.9266636 -0.8659869,46.9266582 -0.8659930,46.9266515 -0.8660005,46.9266453 -0.8660048,46.9266398 -0.8660113,46.9266334 -0.8660155,46.9266272 -0.8660222,46.9266216 -0.8660308,46.9266164 -0.8660356,46.9266111 -0.8660398,46.9266077 -0.8660435,46.9266001 -0.8660477,46.9265949 -0.8660535,46.9265885 -0.8660586,46.9265818 -0.8660655,46.9265740 -0.8660690,46.9265680 -0.8660739,46.9265611 -0.8660773,46.9265548 -0.8660827,46.9265479 -0.8660869,46.9265429 -0.8660935,46.9265324 -0.8660958,46.9265199 -0.8660970,46.9265146 -0.8660997,46.9265070 -0.8661036,46.9265016 -0.8661077,46.9264970 -0.8661110,46.9264889 -0.8661135,46.9264815 -0.8661140,46.9264753 -0.8661159,46.9264676 -0.8661176,46.9264613 -0.8661182,46.9264596 -0.8661228,46.9264483 -0.8661263,46.9264398 -0.8661284,46.9264344 -0.8661315,46.9264260 -0.8661328,46.9264200 -0.8661345,46.9264136 -0.8661365,46.9264054 -0.8661401,46.9263966 -0.8661421,46.9263901 -0.8661455,46.9263820 -0.8661468,46.9263756 -0.8661489,46.9263675 -0.8661525,46.9263575 -0.8661545,46.9263525 -0.8661586,46.9263479 -0.8661631,46.9263405 -0.8661675,46.9263358 -0.8661706,46.9263277 -0.8661703,46.9263197 -0.8661697,46.9263122 -0.8661698,46.9263061 -0.8661712,46.9262987 -0.8661725,46.9262917 -0.8661738,46.9262852 -0.8661758,46.9262787 -0.8661757,46.9262683 -0.8661739,46.9262669 -0.8661747,46.9262593 -0.8661757,46.9262536 -0.8661785,46.9262452 -0.8661814,46.9262402 -0.8661840,46.9262367 -0.8661891,46.9262292 -0.8662073,46.9262225 -0.8662198,46.9262245 -0.8662193,46.9262254 -0.8662163,46.9262286 -0.8662115,46.9262341 -0.8662089,46.9262368 -0.8662080,46.9262379 -0.8662073,46.9262381 -0.8662064,46.9262379 -0.8662060,46.9262377 -0.8662060,46.9262379 -0.8662046,46.9262373 -0.8662042,46.9262370 -0.8662033,46.9262352 -0.8662030,46.9262349 -0.8662032,46.9262298 -0.8662033,46.9262284 -0.8662061,46.9262212 -0.8662085,46.9262118 -0.8662114,46.9262037 -0.8662104,46.9261823 -0.8662063,46.9261707 -0.8662059,46.9261625 -0.8662027,46.9261512 -0.8661991,46.9261441 -0.8661925,46.9261383 -0.8661893,46.9261330 -0.8661856,46.9261278 -0.8661885,46.9261200 -0.8661851,46.9261131 -0.8661911,46.9261044 -0.8661909,46.9260963 -0.8661992,46.9260875 -0.8662054,46.9260790 -0.8662078,46.9260677 -0.8662107,46.9260632 -0.8662115,46.9260544 -0.8662159,46.9260479 -0.8662182,46.9260391 -0.8662227,46.9260319 -0.8662251,46.9260245 -0.8662298,46.9260183 -0.8662334,46.9260130 -0.8662375,46.9260051 -0.8662419,46.9259985 -0.8662454,46.9259912 -0.8662485,46.9259837 -0.8662509,46.9259696 -0.8662499,46.9259587 -0.8662507,46.9259499 -0.8662513,46.9259417 -0.8662509,46.9259344 -0.8662495,46.9259263 -0.8662476,46.9259168 -0.8662449,46.9259047 -0.8662447,46.9258977 -0.8662445,46.9258923 -0.8662435,46.9258841 -0.8662435,46.9258789 -0.8662445,46.9258711 -0.8662461,46.9258689 -0.8662504,46.9258686 -0.8662563,46.9258712 -0.8662568,46.9258755 -0.8662557,46.9258788 -0.8662554,46.9258802 -0.8662553,46.9258801 -0.8662546,46.9258803 -0.8662543,46.9258807 -0.8662536,46.9258804 -0.8662549,46.9258795 -0.8662559,46.9258779 -0.8662541,46.9258753 -0.8662525,46.9258752 -0.8662520,46.9258743 -0.8662520,46.9258740 -0.8662542,46.9258688 -0.8662548,46.9258656 -0.8662550,46.9258579 -0.8662618,46.9258496 -0.8662651,46.9258375 -0.8662653,46.9258248 -0.8662644,46.9258155 -0.8662621,46.9258035 -0.8662604,46.9257947 -0.8662586,46.9257877 -0.8662566,46.9257793 -0.8662528,46.9257693 -0.8662509,46.9257629 -0.8662500,46.9257562 -0.8662492,46.9257476 -0.8662490,46.9257401 -0.8662499,46.9257321 -0.8662512,46.9257234 -0.8662544,46.9257142 -0.8662563,46.9257075 -0.8662597,46.9256997 -0.8662632,46.9256934 -0.8662674,46.9256855 -0.8662700,46.9256735 -0.8662711,46.9256688 -0.8662744,46.9256577 -0.8662766,46.9256553 -0.8662788,46.9256500 -0.8662803,46.9256432 -0.8662814,46.9256364 -0.8662912,46.9256263 -0.8663041,46.9256227 -0.8663090,46.9256208 -0.8663122,46.9256168 -0.8663135,46.9256118 -0.8663108,46.9256094 -0.8663067,46.9256096 -0.8663048,46.9256111 -0.8663038,46.9256127 -0.8663034,46.9256141 -0.8663038,46.9256145 -0.8663041,46.9256159 -0.8663039,46.9256161 -0.8663040,46.9256164 -0.8663045,46.9256165 -0.8663056,46.9256158 -0.8663109,46.9256108 -0.8663221,46.9256063 -0.8663350,46.9256024 -0.8663473,46.9255954 -0.8663572,46.9255916 -0.8663529,46.9255753 -0.8663552,46.9255681 -0.8663365,46.9255453 -0.8663315,46.9255356 -0.8663279,46.9255231 -0.8663308,46.9255125 -0.8663310,46.9255044 -0.8663300,46.9254899 -0.8663348,46.9254838 -0.8663397,46.9254758 -0.8663426,46.9254685 -0.8663473,46.9254626 -0.8663507,46.9254541 -0.8663566,46.9254478 -0.8663613,46.9254332 -0.8663685,46.9254297 -0.8663756,46.9254240 -0.8663799,46.9254160 -0.8663869,46.9254097 -0.8663909,46.9254033 -0.8663975,46.9253960 -0.8664016,46.9253884 -0.8664065,46.9253821 -0.8664100,46.9253762 -0.8664127,46.9253677 -0.8664179,46.9253625 -0.8664273,46.9253565 -0.8664468,46.9253492 -0.8664513,46.9253509 -0.8664491,46.9253562 -0.8664442,46.9253599 -0.8664382,46.9253620 -0.8664335,46.9253628 -0.8664301,46.9253628 -0.8664296,46.9253629 -0.8664276,46.9253633 -0.8664264,46.9253632 -0.8664258,46.9253628 -0.8664244,46.9253615 -0.8664227,46.9253564 -0.8664215,46.9253558 -0.8664211,46.9253553 -0.8664210,46.9253443 -0.8664223,46.9253403 -0.8664278,46.9253237 -0.8664323,46.9253096 -0.8664363,46.9253029 -0.8664343,46.9252960 -0.8664363,46.9252900 -0.8664275,46.9252809 -0.8664193,46.9252727 -0.8664148,46.9252654 -0.8664083,46.9252574 -0.8664081,46.9252501 -0.8664047,46.9252416 -0.8664041,46.9252352 -0.8663988,46.9252251 -0.8663954,46.9252179 -0.8663884,46.9252092 -0.8663818,46.9252028 -0.8663742,46.9251957 -0.8663654,46.9251808 -0.8663665,46.9251726 -0.8663622,46.9251647 -0.8663618,46.9251570 -0.8663620,46.9251494 -0.8663608,46.9251431 -0.8663603,46.9251365 -0.8663568,46.9251293 -0.8663571,46.9251210 -0.8663548,46.9251132 -0.8663574,46.9250986 -0.8663642,46.9250834 -0.8663698,46.9250703 -0.8663772,46.9250617 -0.8663759,46.9250535 -0.8663749,46.9250476 -0.8663713,46.9250385 -0.8663686,46.9250321 -0.8663615,46.9250201 -0.8663608,46.9250177 -0.8663566,46.9250115 -0.8663568,46.9250055 -0.8663529,46.9249990 -0.8663531,46.9249918 -0.8663525,46.9249848 -0.8663544,46.9249763 -0.8663549,46.9249703 -0.8663566,46.9249570 -0.8663584,46.9249434 -0.8663576,46.9249378 -0.8663569,46.9249226 -0.8663580,46.9249154 -0.8663578,46.9249089 -0.8663572,46.9249024 -0.8663553,46.9248934 -0.8663551,46.9248844 -0.8663557,46.9248767 -0.8663560,46.9248696 -0.8663553,46.9248617 -0.8663537,46.9248547 -0.8663526,46.9248477 -0.8663501,46.9248396 -0.8663506,46.9248299 -0.8663507,46.9248243 -0.8663527,46.9248175 -0.8663528,46.9248104 -0.8663533,46.9248031 -0.8663532,46.9247968 -0.8663519,46.9247887 -0.8663526,46.9247810 -0.8663520,46.9247731 -0.8663523,46.9247653 -0.8663512,46.9247581 -0.8663511,46.9247431 -0.8663545,46.9247301 -0.8663570,46.9247275 -0.8663570,46.9247205 -0.8663589,46.9247151 -0.8663595,46.9247078 -0.8663602,46.9247020 -0.8663606,46.9246971 -0.8663620,46.9246894 -0.8663632,46.9246847 -0.8663628,46.9246765 -0.8663609,46.9246709 -0.8663582,46.9246626 -0.8663548,46.9246518 -0.8663546,46.9246494 -0.8663531,46.9246415 -0.8663533,46.9246358 -0.8663546,46.9246275 -0.8663569,46.9246222 -0.8663569,46.9246171 -0.8663545,46.9246091 -0.8663521,46.9246039 -0.8663492,46.9245948 -0.8663474,46.9245891 -0.8663446,46.9245819 -0.8663418,46.9245742 -0.8663404,46.9245646 -0.8663394,46.9245575 -0.8663396,46.9245520 -0.8663380,46.9245455 -0.8663365,46.9245377 -0.8663350,46.9245244 -0.8663373,46.9245099 -0.8663393,46.9245026 -0.8663387,46.9244946 -0.8663380,46.9244878 -0.8663397,46.9244762 -0.8663399,46.9244724 -0.8663410,46.9244657 -0.8663407,46.9244587 -0.8663401,46.9244520 -0.8663392,46.9244441 -0.8663388,46.9244380 -0.8663389,46.9244321 -0.8663381,46.9244239 -0.8663375,46.9244160 -0.8663360,46.9244092 -0.8663359,46.9244018 -0.8663360,46.9243944 -0.8663393,46.9243821 -0.8663416,46.9243787 -0.8663434,46.9243704 -0.8663490,46.9243558 -0.8663505,46.9243434 -0.8663522,46.9243391 -0.8663541,46.9243329 -0.8663555,46.9243253 -0.8663590,46.9243190 -0.8663613,46.9243122 -0.8663623,46.9243080 -0.8663642,46.9242925 -0.8663636,46.9242873 -0.8663637,46.9242804 -0.8663640,46.9242656 -0.8663647,46.9242523 -0.8663646,46.9242402 -0.8663643,46.9242342 -0.8663646,46.9242282 -0.8663642,46.9242202 -0.8663627,46.9242117 -0.8663565,46.9241869 -0.8663539,46.9241765 -0.8663488,46.9241592 -0.8663416,46.9241432 -0.8663377,46.9241308 -0.8663338,46.9241180 -0.8663306,46.9241096 -0.8663263,46.9241009 -0.8663198,46.9240945 -0.8663073,46.9240890 -0.8663001,46.9240771 -0.8662942,46.9240691 -0.8662900,46.9240610 -0.8662898,46.9240547 -0.8662971,46.9240542 -0.8663058,46.9240550 -0.8663098,46.9240555 -0.8663113,46.9240556 -0.8663119,46.9240557 -0.8663120,46.9240550 -0.8663117,46.9240547 -0.8663113,46.9240505 -0.8663117,46.9240466 -0.8663132,46.9240422 -0.8663142,46.9240315 -0.8663158,46.9240240 -0.8663186,46.9240062 -0.8663163,46.9239961 -0.8663149,46.9239864 -0.8663172,46.9239760 -0.8663128,46.9239663 -0.8663127,46.9239586 -0.8662999,46.9239385 -0.8662979,46.9239323 -0.8662845,46.9239247 -0.8662799,46.9239252 -0.8662759,46.9239276 -0.8662737,46.9239308 -0.8662729,46.9239327 -0.8662721,46.9239331 -0.8662723,46.9239332 -0.8662723,46.9239332 -0.8662721,46.9239340 -0.8662715,46.9239337 -0.8662690,46.9239329 -0.8662635,46.9239304 -0.8662563,46.9239256 -0.8662478,46.9239189 -0.8662331,46.9239068 -0.8662267,46.9238973 -0.8662251,46.9238915 -0.8662231,46.9238816 -0.8662185,46.9238753 -0.8662119,46.9238709 -0.8662062,46.9238640 -0.8662014,46.9238585 -0.8661962,46.9238500 -0.8661914,46.9238441 -0.8661881,46.9238396 -0.8661781,46.9238240 -0.8661741,46.9238194 -0.8661698,46.9238122 -0.8661641,46.9238048 -0.8661605,46.9237984 -0.8661554,46.9237913 -0.8661508,46.9237868 -0.8661481,46.9237837 -0.8661424,46.9237771 -0.8661385,46.9237730 -0.8661347,46.9237703 -0.8661261,46.9237672 -0.8661168,46.9237654 -0.8661109,46.9237642 -0.8661032,46.9237604 -0.8660983,46.9237564 -0.8660856,46.9237502 -0.8660696,46.9237451 -0.8660612,46.9237407 -0.8660534,46.9237361 -0.8660425,46.9237319 -0.8660333,46.9237266 -0.8660244,46.9237240 -0.8660158,46.9237191 -0.8660080,46.9237160 -0.8660006,46.9237107 -0.8659953,46.9237053 -0.8659810,46.9236979 -0.8659778,46.9236938 -0.8659688,46.9236887 -0.8659616,46.9236829 -0.8659549,46.9236776 -0.8659470,46.9236716 -0.8659382,46.9236657 -0.8659303,46.9236608 -0.8659231,46.9236562 -0.8659161,46.9236510 -0.8659086,46.9236465 -0.8659029,46.9236440 -0.8659001,46.9236431 -0.8658855,46.9236368 -0.8658755,46.9236311 -0.8658683,46.9236262 -0.8658605,46.9236202 -0.8658530,46.9236148 -0.8658485,46.9236097 -0.8658427,46.9236021 -0.8658385,46.9235941 -0.8658344,46.9235868 -0.8658324,46.9235786 -0.8658301,46.9235718 -0.8658304,46.9235650 -0.8658335,46.9235532 -0.8658346,46.9235474 -0.8658397,46.9235389 -0.8658426,46.9235304 -0.8658476,46.9235234 -0.8658515,46.9235169 -0.8658580,46.9235094 -0.8658645,46.9235024 -0.8658698,46.9234950 -0.8658750,46.9234884 -0.8658806,46.9234813 -0.8658836,46.9234758 -0.8658875,46.9234671 -0.8658898,46.9234606 -0.8658931,46.9234555 -0.8659019,46.9234423 -0.8659043,46.9234400 -0.8659112,46.9234323 -0.8659156,46.9234270 -0.8659219,46.9234211 -0.8659270,46.9234148 -0.8659319,46.9234080 -0.8659369,46.9233985 -0.8659410,46.9233902 -0.8659443,46.9233809 -0.8659505,46.9233692 -0.8659598,46.9233574 -0.8659661,46.9233484 -0.8659669,46.9233461 -0.8659701,46.9233406 -0.8659830,46.9233328 -0.8659916,46.9233297 -0.8659995,46.9233260 -0.8659994,46.9233188 -0.8659976,46.9233099 -0.8659934,46.9233034 -0.8659904,46.9232979 -0.8659882,46.9232923 -0.8659898,46.9232898 -0.8659908,46.9232893 -0.8659963,46.9232863 -0.8660000,46.9232881 -0.8660019,46.9232894 -0.8660027,46.9232911 -0.8660024,46.9232918 -0.8660021,46.9232924 -0.8660024,46.9232931 -0.8660022,46.9232936 -0.8660009,46.9232948 -0.8660002,46.9232947 -0.8659999,46.9232952 -0.8660002,46.9232955 -0.8660001,46.9232953 -0.8660003,46.9232952 -0.8659997,46.9232953 -0.8659986,46.9232915 -0.8659988,46.9232898 -0.8659986,46.9232843 -0.8659991,46.9232769 -0.8660002,46.9232682 -0.8660001,46.9232631 -0.8660004,46.9232612 -0.8660015,46.9232600 -0.8660034,46.9232600 -0.8660038,46.9232594 -0.8660033,46.9232556 -0.8660086,46.9232485 -0.8660144,46.9232408 -0.8660169,46.9232356 -0.8660271,46.9232165 -0.8660356,46.9232006 -0.8660359,46.9231855 -0.8660405,46.9231788 -0.8660463,46.9231683 -0.8660522,46.9231560 -0.8660572,46.9231456 -0.8660604,46.9231390 -0.8660638,46.9231291 -0.8660663,46.9231194 -0.8660687,46.9231100 -0.8660752,46.9230966 -0.8660790,46.9230909 -0.8660784,46.9230974 -0.8660738,46.9231091 -0.8660751,46.9231142 -0.8660758,46.9231188 -0.8660753,46.9231203 -0.8660739,46.9231241 -0.8660723,46.9231249 -0.8660702,46.9231253 -0.8660700,46.9231255 -0.8660682,46.9231253 -0.8660675,46.9231252 -0.8660673,46.9231252 -0.8660669,46.9231249 -0.8660668,46.9231250 -0.8660673,46.9231236 -0.8660683,46.9231225 -0.8660694,46.9231162 -0.8660697,46.9231092 -0.8660704,46.9230897 -0.8660708,46.9230865 -0.8660737,46.9230761 -0.8660758,46.9230684 -0.8660780,46.9230579 -0.8660787,46.9230506 -0.8660782,46.9230460 -0.8660773,46.9230449 -0.8660771,46.9230458 -0.8660770,46.9230460 -0.8660775,46.9230454 -0.8660765,46.9230454 -0.8660759,46.9230445 -0.8660759,46.9230439 -0.8660757,46.9230438 -0.8660753,46.9230433 -0.8660750,46.9230432 -0.8660748,46.9230430 -0.8660744,46.9230431 -0.8660746,46.9230432 -0.8660747,46.9230429 -0.8660749,46.9230429 -0.8660750,46.9230428 -0.8660746,46.9230424 -0.8660714,46.9230400 -0.8660703,46.9230351 -0.8660697,46.9230289 -0.8660742,46.9230198 -0.8660802,46.9230114 -0.8660871,46.9230032 -0.8660912,46.9229960 -0.8660939,46.9229910 -0.8660970,46.9229769 -0.8660994,46.9229708 -0.8661041,46.9229604 -0.8661091,46.9229482 -0.8661165,46.9229303 -0.8661206,46.9229120 -0.8661202,46.9228923 -0.8661228,46.9228781 -0.8661243,46.9228707 -0.8661260,46.9228634 -0.8661282,46.9228553 -0.8661292,46.9228471 -0.8661301,46.9228363 -0.8661334,46.9228215 -0.8661319,46.9228169 -0.8661318,46.9228098 -0.8661325,46.9228025 -0.8661339,46.9227956 -0.8661361,46.9227869 -0.8661407,46.9227720 -0.8661435,46.9227646 -0.8661456,46.9227558 -0.8661471,46.9227488 -0.8661497,46.9227377 -0.8661511,46.9227239 -0.8661525,46.9227183 -0.8661557,46.9227110 -0.8661591,46.9227050 -0.8661640,46.9226994 -0.8661686,46.9226923 -0.8661726,46.9226848 -0.8661759,46.9226737 -0.8661789,46.9226690 -0.8661843,46.9226607 -0.8661927,46.9226497 -0.8661982,46.9226414 -0.8662021,46.9226349 -0.8662050,46.9226282 -0.8662063,46.9226218 -0.8662095,46.9226143 -0.8662147,46.9226073 -0.8662190,46.9226000 -0.8662245,46.9225915 -0.8662283,46.9225851 -0.8662313,46.9225766 -0.8662325,46.9225676 -0.8662317,46.9225527 -0.8662365,46.9225407 -0.8662389,46.9225337 -0.8662419,46.9225285 -0.8662460,46.9225151 -0.8662504,46.9225112 -0.8662563,46.9225018 -0.8662631,46.9224911 -0.8662701,46.9224818 -0.8662765,46.9224735 -0.8662884,46.9224585 -0.8662955,46.9224487 -0.8663087,46.9224344 -0.8663156,46.9224285 -0.8663250,46.9224193 -0.8663344,46.9224085 -0.8663390,46.9224029 -0.8663441,46.9223966 -0.8663536,46.9223860 -0.8663622,46.9223735 -0.8663652,46.9223641 -0.8663689,46.9223565 -0.8663729,46.9223504 -0.8663774,46.9223423 -0.8663815,46.9223358 -0.8663871,46.9223263 -0.8663903,46.9223179 -0.8663907,46.9223107 -0.8663945,46.9223035 -0.8664045,46.9222903 -0.8664096,46.9222810 -0.8664137,46.9222751 -0.8664195,46.9222655 -0.8664255,46.9222525 -0.8664308,46.9222421 -0.8664346,46.9222369 -0.8664379,46.9222325 -0.8664452,46.9222207 -0.8664410,46.9222093 -0.8664322,46.9222043 -0.8664299,46.9222010 -0.8664314,46.9222010 -0.8664337,46.9222021 -0.8664357,46.9222037 -0.8664362,46.9222040 -0.8664374,46.9222046 -0.8664389,46.9222045 -0.8664395,46.9222047 -0.8664421,46.9222027 -0.8664449,46.9221996 -0.8664474,46.9221973 -0.8664546,46.9221913 -0.8664588,46.9221887 -0.8664798,46.9221809 -0.8664917,46.9221766 -0.8665018,46.9221685 -0.8665043,46.9221513 -0.8665114,46.9221447 -0.8665149,46.9221331 -0.8665221,46.9221243 -0.8665256,46.9221165 -0.8665307,46.9221093 -0.8665338,46.9221007 -0.8665361,46.9220930 -0.8665414,46.9220862 -0.8665472,46.9220712 -0.8665480,46.9220609 -0.8665513,46.9220538 -0.8665560,46.9220413 -0.8665594,46.9220355 -0.8665613,46.9220276 -0.8665638,46.9220212 -0.8665676,46.9220134 -0.8665699,46.9220062 -0.8665731,46.9219969 -0.8665743,46.9219882 -0.8665771,46.9219814 -0.8665798,46.9219721 -0.8665818,46.9219642 -0.8665817,46.9219503 -0.8665824,46.9219422 -0.8665860,46.9219351 -0.8665878,46.9219278 -0.8665917,46.9219220 -0.8665947,46.9219136 -0.8665995,46.9219077 -0.8666017,46.9218993 -0.8666071,46.9218924 -0.8666101,46.9218853 -0.8666153,46.9218792 -0.8666190,46.9218711 -0.8666224,46.9218644 -0.8666256,46.9218574 -0.8666270,46.9218486 -0.8666291,46.9218394 -0.8666290,46.9218324 -0.8666301,46.9218229 -0.8666289,46.9218154 -0.8666306,46.9218079 -0.8666329,46.9217988 -0.8666366,46.9217846 -0.8666412,46.9217777 -0.8666452,46.9217716 -0.8666493,46.9217638 -0.8666514,46.9217562 -0.8666522,46.9217489 -0.8666526,46.9217415 -0.8666533,46.9217337 -0.8666531,46.9217265 -0.8666540,46.9217180 -0.8666544,46.9217114 -0.8666568,46.9217038 -0.8666595,46.9216955 -0.8666628,46.9216882 -0.8666675,46.9216800 -0.8666718,46.9216720 -0.8666757,46.9216646 -0.8666795,46.9216566 -0.8666844,46.9216486 -0.8666874,46.9216406 -0.8666907,46.9216329 -0.8666900,46.9216237 -0.8666930,46.9216150 -0.8666942,46.9216068 -0.8666957,46.9215985 -0.8666979,46.9215900 -0.8666995,46.9215828 -0.8667016,46.9215757 -0.8667046,46.9215670 -0.8667070,46.9215602 -0.8667093,46.9215520 -0.8667108,46.9215451 -0.8667115,46.9215370 -0.8667122,46.9215299 -0.8667126,46.9215193 -0.8667139,46.9215115 -0.8667160,46.9215010 -0.8667158,46.9214935 -0.8667167,46.9214852 -0.8667166,46.9214772 -0.8667171,46.9214686 -0.8667153,46.9214608 -0.8667141,46.9214525 -0.8667126,46.9214456 -0.8667126,46.9214374 -0.8667108,46.9214224 -0.8667088,46.9214159 -0.8667071,46.9214086 -0.8667042,46.9213999 -0.8667001,46.9213922 -0.8666967,46.9213851 -0.8666966,46.9213787 -0.8666947,46.9213704 -0.8666972,46.9213630 -0.8666986,46.9213547 -0.8667016,46.9213473 -0.8667033,46.9213397 -0.8667055,46.9213320 -0.8667077,46.9213249 -0.8667099,46.9213160 -0.8667092,46.9213093 -0.8667095,46.9213014 -0.8667092,46.9212946 -0.8667098,46.9212857 -0.8667082,46.9212787 -0.8667078,46.9212705 -0.8667087,46.9212633 -0.8667104,46.9212561 -0.8667111,46.9212480 -0.8667119,46.9212399 -0.8667124,46.9212325 -0.8667124,46.9212240 -0.8667130,46.9212171 -0.8667117,46.9212094 -0.8667112,46.9212028 -0.8667104,46.9211882 -0.8667089,46.9211789 -0.8667044,46.9211648 -0.8666988,46.9211578 -0.8666942,46.9211506 -0.8666911,46.9211440 -0.8666882,46.9211348 -0.8666865,46.9211283 -0.8666843,46.9211204 -0.8666837,46.9211148 -0.8666836,46.9211052 -0.8666841,46.9210923 -0.8666845,46.9210799 -0.8666846,46.9210732 -0.8666851,46.9210673 -0.8666851,46.9210584 -0.8666832,46.9210523 -0.8666805,46.9210458 -0.8666777,46.9210386 -0.8666763,46.9210308 -0.8666781,46.9210247 -0.8666790,46.9210168 -0.8666775,46.9210075 -0.8666752,46.9209996 -0.8666727,46.9209916 -0.8666710,46.9209844 -0.8666711,46.9209757 -0.8666719,46.9209672 -0.8666720,46.9209589 -0.8666718,46.9209440 -0.8666721,46.9209378 -0.8666701,46.9209315 -0.8666674,46.9209131 -0.8666685,46.9209080 -0.8666668,46.9209003 -0.8666647,46.9208941 -0.8666616,46.9208823 -0.8666601,46.9208757 -0.8666626,46.9208689 -0.8666644,46.9208625 -0.8666653,46.9208547 -0.8666665,46.9208471 -0.8666670,46.9208363 -0.8666684,46.9208264 -0.8666690,46.9208194 -0.8666706,46.9208123 -0.8666716,46.9208049 -0.8666733,46.9207977 -0.8666729,46.9207896 -0.8666725,46.9207835 -0.8666724,46.9207751 -0.8666707,46.9207685 -0.8666702,46.9207615 -0.8666680,46.9207533 -0.8666668,46.9207457 -0.8666642,46.9207389 -0.8666620,46.9207315 -0.8666588,46.9207245 -0.8666568,46.9207185 -0.8666571,46.9207104 -0.8666564,46.9207031 -0.8666547,46.9206962 -0.8666524,46.9206888 -0.8666506,46.9206814 -0.8666482,46.9206740 -0.8666449,46.9206667 -0.8666427,46.9206590 -0.8666404,46.9206515 -0.8666364,46.9206437 -0.8666324,46.9206368 -0.8666290,46.9206296 -0.8666263,46.9206235 -0.8666237,46.9206164 -0.8666206,46.9206095 -0.8666162,46.9206022 -0.8666142,46.9205959 -0.8666131,46.9205894 -0.8666105,46.9205817 -0.8666078,46.9205741 -0.8666015,46.9205633 -0.8665996,46.9205604 -0.8665942,46.9205528 -0.8665885,46.9205405 -0.8665877,46.9205334 -0.8665849,46.9205264 -0.8665833,46.9205194 -0.8665833,46.9205129 -0.8665821,46.9205055 -0.8665829,46.9204987 -0.8665824,46.9204892 -0.8665828,46.9204837 -0.8665818,46.9204757 -0.8665829,46.9204693 -0.8665831,46.9204632 -0.8665812,46.9204510 -0.8665807,46.9204483 -0.8665795,46.9204421 -0.8665780,46.9204355 -0.8665768,46.9204273 -0.8665736,46.9204215 -0.8665710,46.9204153 -0.8665682,46.9204080 -0.8665667,46.9204010 -0.8665636,46.9203942 -0.8665611,46.9203889 -0.8665598,46.9203808 -0.8665589,46.9203753 -0.8665643,46.9203634 -0.8665659,46.9203541 -0.8665652,46.9203468 -0.8665647,46.9203405 -0.8665661,46.9203287 -0.8665623,46.9203180 -0.8665550,46.9203031 -0.8665501,46.9202934 -0.8665440,46.9202836 -0.8665416,46.9202721 -0.8665423,46.9202674 -0.8665429,46.9202645 -0.8665445,46.9202595 -0.8665452,46.9202554 -0.8665456,46.9202460 -0.8665441,46.9202331 -0.8665423,46.9202214 -0.8665415,46.9202073 -0.8665419,46.9201909 -0.8665422,46.9201822 -0.8665413,46.9201709 -0.8665415,46.9201597 -0.8665419,46.9201532 -0.8665400,46.9201472 -0.8665389,46.9201409 -0.8665370,46.9201336 -0.8665359,46.9201265 -0.8665342,46.9201140 -0.8665342,46.9201004 -0.8665325,46.9200854 -0.8665325,46.9200732 -0.8665321,46.9200613 -0.8665304,46.9200490 -0.8665276,46.9200352 -0.8665267,46.9200287 -0.8665250,46.9200155 -0.8665237,46.9200100 -0.8665238,46.9199941 -0.8665230,46.9199784 -0.8665205,46.9199674 -0.8665204,46.9199479 -0.8665157,46.9199335 -0.8665046,46.9199244 -0.8664967,46.9199130 -0.8664935,46.9199092 -0.8664949,46.9199026 -0.8664966,46.9198956 -0.8664993,46.9198839 -0.8664986,46.9198786 -0.8664986,46.9198800 -0.8665040,46.9198823 -0.8665110,46.9198831 -0.8665179,46.9198825 -0.8665207,46.9198824 -0.8665226,46.9198824 -0.8665242,46.9198821 -0.8665240,46.9198800 -0.8665240,46.9198783 -0.8665219,46.9198739 -0.8665209,46.9198716 -0.8665171,46.9198545 -0.8665202,46.9198433 -0.8665252,46.9198325 -0.8665286,46.9198237 -0.8665321,46.9198140 -0.8665328,46.9198004 -0.8665327,46.9197905 -0.8665309,46.9197799 -0.8665311,46.9197693 -0.8665331,46.9197576 -0.8665315,46.9197490 -0.8665302,46.9197366 -0.8665312,46.9197319 -0.8665289,46.9197248 -0.8665263,46.9197136 -0.8665256,46.9197030 -0.8665226,46.9196894 -0.8665179,46.9196764 -0.8665148,46.9196688 -0.8665114,46.9196600 -0.8665063,46.9196471 -0.8665076,46.9196421 -0.8665087,46.9196338 -0.8665102,46.9196272 -0.8665101,46.9196205 -0.8665065,46.9196137 -0.8665031,46.9196068 -0.8664981,46.9195973 -0.8664967,46.9195896 -0.8664984,46.9195810 -0.8664965,46.9195721 -0.8664990,46.9195648 -0.8664991,46.9195584 -0.8665008,46.9195496 -0.8665013,46.9195433 -0.8665030,46.9195281 -0.8665013,46.9195130 -0.8664982,46.9194987 -0.8664945,46.9194888 -0.8664947,46.9194819 -0.8664933,46.9194731 -0.8664940,46.9194605 -0.8664936,46.9194556 -0.8664935,46.9194428 -0.8664942,46.9194317 -0.8664940,46.9194255 -0.8664946,46.9194198 -0.8664953,46.9194122 -0.8664938,46.9193999 -0.8664901,46.9193929 -0.8664870,46.9193861 -0.8664870,46.9193783 -0.8664884,46.9193650 -0.8664886,46.9193619 -0.8664882,46.9193567 -0.8664866,46.9193443 -0.8664854,46.9193342 -0.8664855,46.9193218 -0.8664894,46.9193160 -0.8664958,46.9193092 -0.8665151,46.9193029 -0.8665236,46.9193006 -0.8665403,46.9192961 -0.8665454,46.9192950 -0.8665544,46.9192952 -0.8665645,46.9192954 -0.8665761,46.9192972 -0.8665870,46.9192970 -0.8665990,46.9192959 -0.8666086,46.9192939 -0.8666199,46.9192932 -0.8666304,46.9192938 -0.8666444,46.9193036 -0.8666620,46.9193076 -0.8666840,46.9193021 -0.8666882,46.9193037 -0.8666982,46.9193033 -0.8667072,46.9193051 -0.8667173,46.9193063 -0.8667263,46.9193098 -0.8667374,46.9193109 -0.8667447,46.9193103 -0.8667528,46.9193095 -0.8667633,46.9193074 -0.8667735,46.9193078 -0.8667849,46.9193064 -0.8667947,46.9193071 -0.8668125,46.9193023 -0.8668173,46.9193039 -0.8668256,46.9193001 -0.8668375,46.9193021 -0.8668484,46.9193024 -0.8668611,46.9193076 -0.8668729,46.9193099 -0.8668846,46.9193156 -0.8668946,46.9193202 -0.8669073,46.9193242 -0.8669211,46.9193284 -0.8669314,46.9193307 -0.8669438,46.9193340 -0.8669550,46.9193369 -0.8669641,46.9193397 -0.8669750,46.9193430 -0.8669852,46.9193449 -0.8669958,46.9193474 -0.8670056,46.9193483 -0.8670151,46.9193495 -0.8670305,46.9193531 -0.8670340,46.9193534 -0.8670418,46.9193551 -0.8670507,46.9193559 -0.8670601,46.9193578 -0.8670698,46.9193589 -0.8670800,46.9193611 -0.8670905,46.9193624 -0.8671003,46.9193644 -0.8671121,46.9193660 -0.8671225,46.9193676 -0.8671359,46.9193673 -0.8671466,46.9193677 -0.8671590,46.9193683 -0.8671709,46.9193694 -0.8671819,46.9193713 -0.8671941,46.9193724 -0.8672056,46.9193741 -0.8672163,46.9193754 -0.8672275,46.9193768 -0.8672375,46.9193789 -0.8672500,46.9193816 -0.8672587,46.9193841 -0.8672715,46.9193861 -0.8672802,46.9193868 -0.8672916,46.9193877 -0.8672998,46.9193889 -0.8673078,46.9193897 -0.8673167,46.9193909 -0.8673244,46.9193921 -0.8673422,46.9193950 -0.8673464,46.9193946 -0.8673593,46.9193953 -0.8673733,46.9193959 -0.8673842,46.9193964 -0.8673940,46.9193973 -0.8674033,46.9193981 -0.8674140,46.9193988 -0.8674249,46.9194005 -0.8674356,46.9194017 -0.8674485,46.9194025 -0.8674593,46.9194025 -0.8674720,46.9194032 -0.8674827,46.9194043 -0.8674957,46.9194051 -0.8675081,46.9194083 -0.8675203,46.9194107 -0.8675308,46.9194148 -0.8675427,46.9194179 -0.8675532,46.9194215 -0.8675670,46.9194244 -0.8675853,46.9194299 -0.8675949,46.9194329 -0.8676035,46.9194349 -0.8676223,46.9194370 -0.8676290,46.9194376 -0.8676359,46.9194391 -0.8676519,46.9194429 -0.8676542,46.9194436 -0.8676628,46.9194455 -0.8676708,46.9194465 -0.8676814,46.9194487 -0.8676905,46.9194498 -0.8677007,46.9194518 -0.8677205,46.9194558 -0.8677331,46.9194574 -0.8677440,46.9194594 -0.8677557,46.9194616 -0.8677665,46.9194641 -0.8677784,46.9194665 -0.8677898,46.9194689 -0.8678009,46.9194717 -0.8678115,46.9194727 -0.8678227,46.9194741 -0.8678334,46.9194758 -0.8678440,46.9194776 -0.8678555,46.9194801 -0.8678662,46.9194822 -0.8678749,46.9194855 -0.8678845,46.9194892 -0.8678920,46.9194954 -0.8679005,46.9195003 -0.8679084,46.9195049 -0.8679151,46.9195081 -0.8679264,46.9195118 -0.8679344,46.9195134 -0.8679530,46.9195153 -0.8679576,46.9195159 -0.8679662,46.9195173 -0.8679746,46.9195221 -0.8679805,46.9195283 -0.8679820,46.9195335 -0.8679799,46.9195339 -0.8679781,46.9195334 -0.8679763,46.9195321 -0.8679754,46.9195309 -0.8679742,46.9195300 -0.8679737,46.9195296 -0.8679738,46.9195294 -0.8679813,46.9195304 -0.8679856,46.9195323 -0.8679971,46.9195368 -0.8680042,46.9195407 -0.8680167,46.9195471 -0.8680298,46.9195560 -0.8680394,46.9195550 -0.8680477,46.9195582 -0.8680655,46.9195558 -0.8680820,46.9195542 -0.8680966,46.9195539 -0.8681106,46.9195536 -0.8681342,46.9195554 -0.8681530,46.9195578 -0.8681680,46.9195599 -0.8681776,46.9195626 -0.8681924,46.9195625 -0.8682044,46.9195635 -0.8682200,46.9195611 -0.8682306,46.9195603 -0.8682446,46.9195581 -0.8682572,46.9195570 -0.8682732,46.9195577 -0.8682847,46.9195590 -0.8683054,46.9195615 -0.8683184,46.9195637 -0.8683306,46.9195651 -0.8683417,46.9195664 -0.8683524,46.9195685 -0.8683640,46.9195718 -0.8683758,46.9195753 -0.8683860,46.9195774 -0.8683959,46.9195793 -0.8684050,46.9195790 -0.8684143,46.9195762 -0.8684222,46.9195731 -0.8684345,46.9195741 -0.8684436,46.9195738 -0.8684585,46.9195773 -0.8684704,46.9195813 -0.8684893,46.9195871 -0.8685114,46.9195973 -0.8685260,46.9196013 -0.8685381,46.9196035 -0.8685498,46.9196064 -0.8685608,46.9196077 -0.8685730,46.9196094 -0.8685831,46.9196094 -0.8685952,46.9196110 -0.8686041,46.9196105 -0.8686150,46.9196109 -0.8686229,46.9196117 -0.8686367,46.9196141 -0.8686436,46.9196157 -0.8686495,46.9196170 -0.8686581,46.9196188 -0.8686676,46.9196211 -0.8686763,46.9196234 -0.8686858,46.9196242 -0.8686959,46.9196253 -0.8687073,46.9196259 -0.8687186,46.9196272 -0.8687304,46.9196275 -0.8687426,46.9196289 -0.8687533,46.9196293 -0.8687716,46.9196322 -0.8687799,46.9196330 -0.8687920,46.9196333 -0.8688040,46.9196345 -0.8688157,46.9196345 -0.8688276,46.9196353 -0.8688380,46.9196351 -0.8688503,46.9196353 -0.8688594,46.9196355 -0.8688715,46.9196368 -0.8688794,46.9196370 -0.8688885,46.9196374 -0.8688988,46.9196384 -0.8689066,46.9196389 -0.8689194,46.9196396 -0.8689298,46.9196396 -0.8689406,46.9196400 -0.8689521,46.9196397 -0.8689632,46.9196394 -0.8689749,46.9196390 -0.8689857,46.9196384 -0.8689981,46.9196384 -0.8690076,46.9196387 -0.8690220,46.9196388 -0.8690327,46.9196392 -0.8690446,46.9196389 -0.8690539,46.9196384 -0.8690652,46.9196375 -0.8690740,46.9196371 -0.8690864,46.9196363 -0.8690960,46.9196359 -0.8691049,46.9196355 -0.8691288,46.9196335 -0.8691365,46.9196322 -0.8691460,46.9196304 -0.8691560,46.9196277 -0.8691651,46.9196256 -0.8691749,46.9196236 -0.8691849,46.9196227 -0.8691940,46.9196223 -0.8692047,46.9196209 -0.8692217,46.9196231 -0.8692307,46.9196274 -0.8692455,46.9196326 -0.8692597,46.9196275 -0.8692684,46.9196236 -0.8692762,46.9196197 -0.8692845,46.9196151 -0.8692945,46.9196132 -0.8693122,46.9196082 -0.8693225,46.9196103 -0.8693333,46.9196082 -0.8693437,46.9196064 -0.8693526,46.9196035 -0.8693618,46.9196002 -0.8693720,46.9195970 -0.8693835,46.9195943 -0.8693941,46.9195905 -0.8694042,46.9195877 -0.8694139,46.9195851 -0.8694250,46.9195808 -0.8694348,46.9195776 -0.8694437,46.9195728 -0.8694526,46.9195703 -0.8694621,46.9195670 -0.8694802,46.9195647 -0.8694861,46.9195628 -0.8694938,46.9195619 -0.8695030,46.9195587 -0.8695124,46.9195561 -0.8695209,46.9195523 -0.8695298,46.9195506 -0.8695385,46.9195487 -0.8695498,46.9195454 -0.8695587,46.9195447 -0.8695690,46.9195409 -0.8695864,46.9195358 -0.8695947,46.9195347 -0.8696115,46.9195296 -0.8696160,46.9195303 -0.8696251,46.9195276 -0.8696341,46.9195267 -0.8696434,46.9195258 -0.8696551,46.9195235 -0.8696658,46.9195224 -0.8696757,46.9195198 -0.8696878,46.9195178 -0.8697000,46.9195151 -0.8697164,46.9195113 -0.8697267,46.9195098 -0.8697359,46.9195072 -0.8697540,46.9195021 -0.8697586,46.9195009 -0.8697669,46.9194998 -0.8697758,46.9194987 -0.8697859,46.9194962 -0.8697974,46.9194938 -0.8698074,46.9194913 -0.8698182,46.9194890 -0.8698285,46.9194867 -0.8698372,46.9194853 -0.8698481,46.9194829 -0.8698580,46.9194814 -0.8698688,46.9194788 -0.8698778,46.9194762 -0.8698946,46.9194727 -0.8699013,46.9194720 -0.8699115,46.9194713 -0.8699209,46.9194696 -0.8699349,46.9194674 -0.8699475,46.9194660 -0.8699634,46.9194651 -0.8699776,46.9194659 -0.8699956,46.9194659 -0.8700035,46.9194661 -0.8700160,46.9194664 -0.8700277,46.9194684 -0.8700365,46.9194691 -0.8700438,46.9194703 -0.8700562,46.9194717 -0.8700653,46.9194721 -0.8700790,46.9194734 -0.8700997,46.9194765 -0.8701104,46.9194788 -0.8701193,46.9194812 -0.8701303,46.9194848 -0.8701409,46.9194882 -0.8701485,46.9194908 -0.8701654,46.9194972 -0.8701692,46.9194988 -0.8701779,46.9195016 -0.8701856,46.9195046 -0.8701964,46.9195087 -0.8702135,46.9195155 -0.8702205,46.9195180 -0.8702333,46.9195243 -0.8702457,46.9195334 -0.8702597,46.9195430 -0.8702725,46.9195502 -0.8702763,46.9195532 -0.8702818,46.9195577 -0.8702870,46.9195624 -0.8702952,46.9195685 -0.8703036,46.9195751 -0.8703096,46.9195798 -0.8703167,46.9195871 -0.8703240,46.9195945 -0.8703291,46.9195996 -0.8703344,46.9196049 -0.8703413,46.9196118 -0.8703538,46.9196238 -0.8703586,46.9196288 -0.8703713,46.9196405 -0.8703778,46.9196468 -0.8703877,46.9196582 -0.8703915,46.9196639 -0.8703967,46.9196706 -0.8704023,46.9196769 -0.8704072,46.9196825 -0.8704147,46.9196898 -0.8704226,46.9196968 -0.8704287,46.9197022 -0.8704365,46.9197083 -0.8704425,46.9197132 -0.8704500,46.9197198 -0.8704548,46.9197254 -0.8704661,46.9197344 -0.8704744,46.9197425 -0.8704853,46.9197528 -0.8704925,46.9197587 -0.8705043,46.9197689 -0.8705126,46.9197763 -0.8705182,46.9197812 -0.8705248,46.9197878 -0.8705313,46.9197942 -0.8705359,46.9197991 -0.8705434,46.9198063 -0.8705534,46.9198135 -0.8705612,46.9198194 -0.8705730,46.9198294 -0.8705856,46.9198399 -0.8705894,46.9198430 -0.8706023,46.9198507 -0.8706131,46.9198568 -0.8706191,46.9198615 -0.8706274,46.9198683 -0.8706333,46.9198733 -0.8706423,46.9198798 -0.8706575,46.9198893 -0.8706636,46.9198940 -0.8706702,46.9198994 -0.8706776,46.9199056 -0.8706846,46.9199109 -0.8706914,46.9199160 -0.8706989,46.9199215 -0.8707057,46.9199271 -0.8707188,46.9199368 -0.8707218,46.9199393 -0.8707286,46.9199438 -0.8707350,46.9199486 -0.8707431,46.9199556 -0.8707498,46.9199607 -0.8707627,46.9199695 -0.8707748,46.9199767 -0.8707839,46.9199810 -0.8707938,46.9199871 -0.8708009,46.9199918 -0.8708090,46.9199968 -0.8708126,46.9199987 -0.8708283,46.9200062 -0.8708383,46.9200095 -0.8708499,46.9200130 -0.8708584,46.9200154 -0.8708707,46.9200180 -0.8708800,46.9200196 -0.8708913,46.9200215 -0.8709009,46.9200229 -0.8709193,46.9200242 -0.8709350,46.9200247 -0.8709544,46.9200263 -0.8709751,46.9200269 -0.8709863,46.9200270 -0.8709945,46.9200270 -0.8710058,46.9200275 -0.8710185,46.9200270 -0.8710281,46.9200261 -0.8710396,46.9200239 -0.8710490,46.9200226 -0.8710617,46.9200198 -0.8710704,46.9200184 -0.8710799,46.9200176 -0.8710891,46.9200173 -0.8711006,46.9200158 -0.8711081,46.9200138 -0.8711200,46.9200124 -0.8711362,46.9200135 -0.8711421,46.9200148 -0.8711488,46.9200139 -0.8711589,46.9200128 -0.8711676,46.9200108 -0.8711784,46.9200095 -0.8711890,46.9200085 -0.8711978,46.9200074 -0.8712083,46.9200057 -0.8712161,46.9200050 -0.8712286,46.9200042 -0.8712439,46.9200032 -0.8712529,46.9200023 -0.8712621,46.9200017 -0.8712725,46.9200009 -0.8712830,46.9199997 -0.8712932,46.9199984 -0.8713042,46.9199976 -0.8713149,46.9199969 -0.8713255,46.9199964 -0.8713334,46.9199965 -0.8713486,46.9199961 -0.8713509,46.9199973 -0.8713606,46.9199982 -0.8713696,46.9199998 -0.8713813,46.9200013 -0.8713910,46.9200043 -0.8714012,46.9200060 -0.8714124,46.9200076 -0.8714212,46.9200082 -0.8714318,46.9200084 -0.8714374,46.9200069 -0.8714394,46.9200066 -0.8714472,46.9200088 -0.8714556,46.9200102 -0.8714644,46.9200123 -0.8714742,46.9200147 -0.8714847,46.9200190 -0.8714945,46.9200218 -0.8715049,46.9200257 -0.8715150,46.9200280 -0.8715258,46.9200308 -0.8715396,46.9200339 -0.8715412,46.9200360 -0.8715515,46.9200384 -0.8715602,46.9200417 -0.8715707,46.9200441 -0.8715812,46.9200469 -0.8715909,46.9200488 -0.8716005,46.9200512 -0.8716094,46.9200530 -0.8716208,46.9200557 -0.8716302,46.9200573 -0.8716469,46.9200561 -0.8716505,46.9200551 -0.8716612,46.9200553 -0.8716844,46.9200540 -0.8717017,46.9200519 -0.8717118,46.9200506 -0.8717216,46.9200493 -0.8717327,46.9200485 -0.8717445,46.9200472 -0.8717542,46.9200466 -0.8717652,46.9200460 -0.8717790,46.9200454 -0.8717898,46.9200457 -0.8718016,46.9200458 -0.8718116,46.9200453 -0.8718240,46.9200451 -0.8718355,46.9200429 -0.8718449,46.9200419 -0.8718508,46.9200346 -0.8718575,46.9200304 -0.8718766,46.9200236 -0.8718949,46.9200248 -0.8719084,46.9200210 -0.8719159,46.9200168 -0.8719158,46.9200094 -0.8719106,46.9200089 -0.8719049,46.9200108 -0.8718988,46.9200133 -0.8718934,46.9200158 -0.8718900,46.9200177 -0.8718877,46.9200190 -0.8718849,46.9200198 -0.8718831,46.9200207 -0.8718815,46.9200215 -0.8718808,46.9200217 -0.8718791,46.9200223 -0.8718788,46.9200226 -0.8718777,46.9200227 -0.8718767,46.9200229 -0.8718762,46.9200228 -0.8718759,46.9200224 -0.8718752,46.9200225 -0.8718751,46.9200226 -0.8718747,46.9200227 -0.8718747,46.9200226 -0.8718747,46.9200225 -0.8718757,46.9200220 -0.8718787,46.9200194 -0.8718834,46.9200163 -0.8718876,46.9200126 -0.8719053,46.9200070 -0.8719248,46.9200117 -0.8719467,46.9200277 -0.8719536,46.9200340 -0.8719632,46.9200387 -0.8719741,46.9200443 -0.8719857,46.9200480 -0.8719875,46.9200491 -0.8719907,46.9200531 -0.8719914,46.9200570 -0.8719905,46.9200567 -0.8719886,46.9200548 -0.8719877,46.9200536 -0.8719859,46.9200525 -0.8719852,46.9200536 -0.8719842,46.9200545 -0.8719824,46.9200592 -0.8719803,46.9200615 -0.8719766,46.9200697 -0.8719725,46.9200759 -0.8719701,46.9200867 -0.8719671,46.9200940 -0.8719691,46.9201017 -0.8719686,46.9201091 -0.8719754,46.9201147 -0.8719776,46.9201212 -0.8719857,46.9201317 -0.8719937,46.9201350 -0.8719843,46.9201466 -0.8719909,46.9201561 -0.8720035,46.9201620 -0.8720076,46.9201701 -0.8720209,46.9201773 -0.8720351,46.9201844 -0.8720423,46.9201887 -0.8720590,46.9201942 -0.8720733,46.9202016 -0.8720759,46.9202057 -0.8720854,46.9202160 -0.8720848,46.9202168 -0.8720913,46.9202220 -0.8720953,46.9202235 -0.8721045,46.9202279 -0.8721092,46.9202308 -0.8721172,46.9202350 -0.8721227,46.9202378 -0.8721318,46.9202406 -0.8721376,46.9202409 -0.8721490,46.9202421 -0.8721632,46.9202428 -0.8721674,46.9202423 -0.8721763,46.9202429 -0.8721854,46.9202425 -0.8721954,46.9202421 -0.8722032,46.9202404 -0.8722138,46.9202399 -0.8722236,46.9202390 -0.8722355,46.9202391 -0.8722447,46.9202367 -0.8722554,46.9202347 -0.8722711,46.9202252 -0.8722763,46.9202229 -0.8722816,46.9202189 -0.8722903,46.9202160 -0.8723033,46.9202097 -0.8723161,46.9202039 -0.8723227,46.9201979 -0.8723233,46.9201953 -0.8723201,46.9201942 -0.8723182,46.9201941 -0.8723149,46.9201935 -0.8723132,46.9201934 -0.8723125,46.9201929 -0.8723118,46.9201923 -0.8723114,46.9201919 -0.8723109,46.9201919 -0.8723102,46.9201915 -0.8723096,46.9201917 -0.8723088,46.9201916 -0.8723093,46.9201916 -0.8723087,46.9201919 -0.8723090,46.9201921 -0.8723081,46.9201926 -0.8723092,46.9201926 -0.8723092,46.9201927 -0.8723090,46.9201931 -0.8723089,46.9201931 -0.8723090,46.9201929 -0.8723092,46.9201927 -0.8723095,46.9201925 -0.8723098,46.9201924 -0.8723100,46.9201923 -0.8723136,46.9201902 -0.8723213,46.9201875 -0.8723235,46.9201881 -0.8723256,46.9201890 -0.8723276,46.9201906 -0.8723317,46.9201932 -0.8723373,46.9201948 -0.8723420,46.9201963 -0.8723519,46.9201946 -0.8723634,46.9201951 -0.8723722,46.9201987 -0.8723707,46.9202027 -0.8723660,46.9202074 -0.8723542,46.9202163 -0.8723482,46.9202216 -0.8723452,46.9202274 -0.8723469,46.9202336 -0.8723516,46.9202441 -0.8723542,46.9202504 -0.8723561,46.9202535 -0.8723581,46.9202585 -0.8723573,46.9202677 -0.8723548,46.9202727 -0.8723491,46.9202713 -0.8723417,46.9202711 -0.8723351,46.9202682 -0.8723361,46.9202671 -0.8723386,46.9202674 -0.8723392,46.9202675 -0.8723406,46.9202675 -0.8723443,46.9202666 -0.8723455,46.9202663 -0.8723462,46.9202657 -0.8723468,46.9202656 -0.8723475,46.9202653 -0.8723481,46.9202656 -0.8723483,46.9202654 -0.8723477,46.9202646 -0.8723477,46.9202643 -0.8723478,46.9202642 -0.8723477,46.9202647 -0.8723470,46.9202666 -0.8723469,46.9202706 -0.8723479,46.9202728 -0.8723438,46.9202790 -0.8723353,46.9202943 -0.8723353,46.9203102 -0.8723371,46.9203234 -0.8723403,46.9203332 -0.8723432,46.9203399 -0.8723454,46.9203480 -0.8723504,46.9203559 -0.8723569,46.9203645 -0.8723634,46.9203729 -0.8723690,46.9203787 -0.8723755,46.9203889 -0.8723800,46.9203913 -0.8723843,46.9203967 -0.8723900,46.9204009 -0.8723951,46.9204038 -0.8724001,46.9204091 -0.8724081,46.9204124 -0.8724145,46.9204179 -0.8724223,46.9204206 -0.8724297,46.9204253 -0.8724375,46.9204306 -0.8724431,46.9204359 -0.8724476,46.9204408 -0.8724527,46.9204465 -0.8724629,46.9204575 -0.8724706,46.9204614 -0.8724792,46.9204644 -0.8724896,46.9204642 -0.8724970,46.9204625 -0.8725088,46.9204592 -0.8725156,46.9204546 -0.8725227,46.9204502 -0.8725277,46.9204455 -0.8725306,46.9204423 -0.8725360,46.9204365 -0.8725386,46.9204329 -0.8725468,46.9204253 -0.8725512,46.9204205 -0.8725575,46.9204163 -0.8725635,46.9204129 -0.8725693,46.9204108 -0.8725749,46.9204094 -0.8725806,46.9204096 -0.8725908,46.9204097 -0.8725969,46.9204113 -0.8726046,46.9204116 -0.8726118,46.9204129 -0.8726287,46.9204138 -0.8726289,46.9204152 -0.8726374,46.9204163 -0.8726432,46.9204189 -0.8726514,46.9204205 -0.8726571,46.9204254 -0.8726626,46.9204331 -0.8726661,46.9204430 -0.8726631,46.9204501 -0.8726658,46.9204558 -0.8726666,46.9204674 -0.8726648,46.9204741 -0.8726673,46.9204852 -0.8726629,46.9204882 -0.8726617,46.9204949 -0.8726559,46.9205005 -0.8726526,46.9205067 -0.8726463,46.9205145 -0.8726403,46.9205190 -0.8726354,46.9205260 -0.8726293,46.9205324 -0.8726267,46.9205370 -0.8726250,46.9205454 -0.8726241,46.9205511 -0.8726226,46.9205550 -0.8726214,46.9205610 -0.8726225,46.9205665 -0.8726239,46.9205723 -0.8726262,46.9205760 -0.8726276,46.9205797 -0.8726305,46.9205862 -0.8726339,46.9205894 -0.8726377,46.9205935 -0.8726450,46.9205992 -0.8726478,46.9206013 -0.8726544,46.9206043 -0.8726705,46.9206077 -0.8726746,46.9206057 -0.8726826,46.9206058 -0.8726878,46.9206049 -0.8726965,46.9206055 -0.8727034,46.9206057 -0.8727115,46.9206064 -0.8727163,46.9206067 -0.8727237,46.9206075 -0.8727295,46.9206081 -0.8727365,46.9206094 -0.8727421,46.9206105 -0.8727508,46.9206126 -0.8727558,46.9206133 -0.8727615,46.9206148 -0.8727748,46.9206185 -0.8727807,46.9206190 -0.8727898,46.9206201 -0.8727964,46.9206201 -0.8728063,46.9206206 -0.8728131,46.9206200 -0.8728230,46.9206195 -0.8728302,46.9206174 -0.8728382,46.9206154 -0.8728434,46.9206122 -0.8728515,46.9206094 -0.8728560,46.9206059 -0.8728648,46.9205998 -0.8728700,46.9205965 -0.8728711,46.9205925 -0.8728756,46.9205872 -0.8728747,46.9205823 -0.8728769,46.9205750 -0.8728764,46.9205671 -0.8728788,46.9205628 -0.8728832,46.9205586 -0.8728855,46.9205534 -0.8728869,46.9205518 -0.8728939,46.9205456 -0.8728972,46.9205424 -0.8729011,46.9205399 -0.8729065,46.9205368 -0.8729145,46.9205331 -0.8729199,46.9205324 -0.8729263,46.9205309 -0.8729316,46.9205321 -0.8729391,46.9205334 -0.8729526,46.9205404 -0.8729581,46.9205455 -0.8729634,46.9205499 -0.8729685,46.9205557 -0.8729742,46.9205607 -0.8729799,46.9205650 -0.8729867,46.9205696 -0.8729920,46.9205754 -0.8729959,46.9205796 -0.8730027,46.9205842 -0.8730074,46.9205884 -0.8730144,46.9205936 -0.8730181,46.9205985 -0.8730277,46.9206073 -0.8730292,46.9206102 -0.8730340,46.9206148 -0.8730377,46.9206200 -0.8730426,46.9206251 -0.8730461,46.9206364 -0.8730477,46.9206437 -0.8730473,46.9206493 -0.8730499,46.9206557 -0.8730520,46.9206632 -0.8730550,46.9206691 -0.8730551,46.9206750 -0.8730554,46.9206771 -0.8730559,46.9206954 -0.8730561,46.9207009 -0.8730563,46.9207074 -0.8730580,46.9207136 -0.8730605,46.9207209 -0.8730632,46.9207269 -0.8730668,46.9207331 -0.8730711,46.9207375 -0.8730778,46.9207434 -0.8730830,46.9207482 -0.8730882,46.9207535 -0.8730957,46.9207605 -0.8730994,46.9207643 -0.8731085,46.9207735 -0.8731150,46.9207803 -0.8731192,46.9207836 -0.8731250,46.9207886 -0.8731302,46.9207932 -0.8731364,46.9207978 -0.8731427,46.9208018 -0.8731483,46.9208048 -0.8731564,46.9208098 -0.8731628,46.9208118 -0.8731772,46.9208164 -0.8731826,46.9208154 -0.8731934,46.9208175 -0.8732015,46.9208173 -0.8732104,46.9208166 -0.8732220,46.9208156 -0.8732311,46.9208151 -0.8732397,46.9208154 -0.8732490,46.9208154 -0.8732517,46.9208158 -0.8732654,46.9208182 -0.8732732,46.9208195 -0.8732839,46.9208240 -0.8732931,46.9208275 -0.8733062,46.9208356 -0.8733144,46.9208471 -0.8733205,46.9208577 -0.8733226,46.9208606 -0.8733312,46.9208797 -0.8733367,46.9208887 -0.8733431,46.9208977 -0.8733470,46.9209068 -0.8733486,46.9209097 -0.8733531,46.9209196 -0.8733526,46.9209192 -0.8733509,46.9209179 -0.8733479,46.9209165 -0.8733470,46.9209160 -0.8733420,46.9209138 -0.8733396,46.9209125 -0.8733372,46.9209116 -0.8733356,46.9209111 -0.8733344,46.9209105 -0.8733335,46.9209102 -0.8733330,46.9209100 -0.8733325,46.9209101 -0.8733323,46.9209103 -0.8733322,46.9209104 -0.8733321,46.9209106 -0.8733321,46.9209107 -0.8733320,46.9209109 -0.8733320,46.9209111 -0.8733319,46.9209113 -0.8733318,46.9209114 -0.8733316,46.9209116 -0.8733315,46.9209117 -0.8733314,46.9209119 -0.8733314,46.9209120 -0.8733314,46.9209120 -0.8733313,46.9209120 -0.8733313,46.9209120 -0.8733312,46.9209120 -0.8733311,46.9209120 -0.8733310,46.9209119 -0.8733310,46.9209120 -0.8733320,46.9209139 -0.8733331,46.9209149 -0.8733347,46.9209160 -0.8733356,46.9209166 -0.8733367,46.9209171 -0.8733377,46.9209176 -0.8733389,46.9209188 -0.8733400,46.9209209 -0.8733409,46.9209212 -0.8733455,46.9209240 -0.8733464,46.9209260 -0.8733493,46.9209283 -0.8733526,46.9209301 -0.8733598,46.9209344 -0.8733619,46.9209359 -0.8733628,46.9209366 -0.8733637,46.9209379 -0.8733645,46.9209393 -0.8733645,46.9209402 -0.8733641,46.9209411 -0.8733636,46.9209414 -0.8733626,46.9209414 -0.8733629,46.9209429 -0.8733650,46.9209461 -0.8733668,46.9209489 -0.8733687,46.9209523 -0.8733709,46.9209563 -0.8733717,46.9209578 -0.8733743,46.9209649 -0.8733760,46.9209712 -0.8733791,46.9209798 -0.8733783,46.9209840 -0.8733775,46.9209922 -0.8733717,46.9210031 -0.8733652,46.9210110 -0.8733578,46.9210176 -0.8733516,46.9210219 -0.8733479,46.9210250 -0.8733403,46.9210366 -0.8733354,46.9210420 -0.8733296,46.9210483 -0.8733244,46.9210572 -0.8733206,46.9210651 -0.8733173,46.9210726 -0.8733146,46.9210795 -0.8733132,46.9210821 -0.8733116,46.9210872 -0.8733099,46.9210895 -0.8733073,46.9210928 -0.8733083,46.9210938 -0.8733083,46.9210967 -0.8733089,46.9210980 -0.8733092,46.9211004 -0.8733100,46.9211002 -0.8733094,46.9211025 -0.8733095,46.9211068 -0.8733033,46.9211105 -0.8732969,46.9211083 -0.8732919,46.9211027 -0.8732892,46.9210995 -0.8732896,46.9210990 -0.8732866,46.9210973 -0.8732850,46.9210970 -0.8732839,46.9210968 -0.8732831,46.9210971 -0.8732822,46.9210975 -0.8732821,46.9210974 -0.8732822,46.9210975 -0.8732815,46.9210984 -0.8732814,46.9210996 -0.8732817,46.9210996 -0.8732830,46.9211004 -0.8732829,46.9211010 -0.8732834,46.9211015 -0.8732831,46.9211017 -0.8732834,46.9211021 -0.8732836,46.9211018 -0.8732840,46.9211016 -0.8732840,46.9211015 -0.8732839,46.9211017 -0.8732838,46.9211018 -0.8732835,46.9211020 -0.8732832,46.9211022 -0.8732828,46.9211024 -0.8732826,46.9211026 -0.8732843,46.9211020 -0.8732844,46.9211021 -0.8732843,46.9211020 -0.8732843,46.9211021 -0.8732842,46.9211021 -0.8732842,46.9211021 -0.8732824,46.9211020 -0.8732821,46.9211019 -0.8732819,46.9211019 -0.8732819,46.9211019 -0.8732823,46.9211021 -0.8732831,46.9211026 -0.8732836,46.9211027 -0.8732839,46.9211028 -0.8732840,46.9211026 -0.8732838,46.9211024 -0.8732835,46.9211022 -0.8732835,46.9211020 -0.8732836,46.9211020 -0.8732832,46.9211016 -0.8732831,46.9211016 -0.8732829,46.9211018 -0.8732828,46.9211019 -0.8732825,46.9211021 -0.8732823,46.9211022 -0.8732820,46.9211024 -0.8732817,46.9211025 -0.8732821,46.9211019 -0.8732842,46.9210998 -0.8732874,46.9210974 -0.8732896,46.9210969 -0.8732936,46.9210985 -0.8732950,46.9210993 -0.8732967,46.9211015 -0.8732978,46.9211024 -0.8733093,46.9211098 -0.8733140,46.9211199 -0.8733102,46.9211267 -0.8733039,46.9211361 -0.8732982,46.9211406 -0.8732916,46.9211474 -0.8732878,46.9211551 -0.8732883,46.9211600 -0.8732886,46.9211655 -0.8732895,46.9211704 -0.8732905,46.9211773 -0.8732906,46.9211827 -0.8732911,46.9211897 -0.8732908,46.9211943 -0.8732904,46.9212022 -0.8732892,46.9212074 -0.8732896,46.9212175 -0.8732931,46.9212255 -0.8733016,46.9212322 -0.8733063,46.9212396 -0.8733090,46.9212469 -0.8733165,46.9212522 -0.8733217,46.9212593 -0.8733245,46.9212683 -0.8733282,46.9212740 -0.8733322,46.9212805 -0.8733377,46.9212870 -0.8733387,46.9212942 -0.8733433,46.9213019 -0.8733456,46.9213089 -0.8733453,46.9213092 -0.8733414,46.9213090 -0.8733391,46.9213079 -0.8733384,46.9213076 -0.8733383,46.9213074 -0.8733383,46.9213074 -0.8733381,46.9213073 -0.8733381,46.9213073 -0.8733381,46.9213074 -0.8733381,46.9213073 -0.8733379,46.9213072 -0.8733378,46.9213072 -0.8733376,46.9213071 -0.8733379,46.9213070 -0.8733382,46.9213070 -0.8733390,46.9213075 -0.8733394,46.9213109 -0.8733394,46.9213118 -0.8733389,46.9213119 -0.8733401,46.9213189 -0.8733351,46.9213345 -0.8733391,46.9213459 -0.8733394,46.9213566 -0.8733443,46.9213650 -0.8733521,46.9213726 -0.8733613,46.9213783 -0.8733667,46.9213849 -0.8733687,46.9213910 -0.8733730,46.9213977 -0.8733750,46.9214056 -0.8733786,46.9214115 -0.8733847,46.9214162 -0.8733895,46.9214212 -0.8733968,46.9214248 -0.8734072,46.9214270 -0.8734155,46.9214299 -0.8734247,46.9214320 -0.8734353,46.9214306 -0.8734416,46.9214260 -0.8734463,46.9214247 -0.8734471,46.9214246 -0.8734473,46.9214245 -0.8734476,46.9214245 -0.8734476,46.9214246 -0.8734480,46.9214245 -0.8734486,46.9214242 -0.8734490,46.9214240 -0.8734491,46.9214239 -0.8734493,46.9214237 -0.8734495,46.9214234 -0.8734517,46.9214245 -0.8734509,46.9214275 -0.8734453,46.9214277 -0.8734437,46.9214277 -0.8734434,46.9214276 -0.8734432,46.9214277 -0.8734490,46.9214298 -0.8734542,46.9214309 -0.8734558,46.9214321 -0.8734541,46.9214337 -0.8734535,46.9214344 -0.8734531,46.9214346 -0.8734526,46.9214346 -0.8734507,46.9214354 -0.8734576,46.9214408 -0.8734703,46.9214460 -0.8734861,46.9214495 -0.8735032,46.9214516 -0.8735207,46.9214538 -0.8735316,46.9214550 -0.8735479,46.9214552 -0.8735641,46.9214540 -0.8735800,46.9214549 -0.8735918,46.9214591 -0.8736016,46.9214657 -0.8736133,46.9214673 -0.8736200,46.9214680 -0.8736307,46.9214685 -0.8736378,46.9214689 -0.8736507,46.9214677 -0.8736655,46.9214649 -0.8736758,46.9214636 -0.8736886,46.9214625 -0.8737006,46.9214618 -0.8737108,46.9214611 -0.8737207,46.9214593 -0.8737293,46.9214568 -0.8737393,46.9214533 -0.8737481,46.9214494 -0.8737580,46.9214466 -0.8737673,46.9214455 -0.8737747,46.9214447 -0.8737995,46.9214504 -0.8738042,46.9214510 -0.8738157,46.9214508 -0.8738310,46.9214532 -0.8738402,46.9214542 -0.8738568,46.9214551 -0.8738667,46.9214538 -0.8738748,46.9214535 -0.8738938,46.9214463 -0.8739005,46.9214435 -0.8739085,46.9214387 -0.8739163,46.9214364 -0.8739244,46.9214313 -0.8739251,46.9214221 -0.8739341,46.9214180 -0.8739383,46.9214111 -0.8739473,46.9214066 -0.8739597,46.9213971 -0.8739641,46.9213927 -0.8739733,46.9213822 -0.8739780,46.9213734 -0.8739818,46.9213600 -0.8739793,46.9213518 -0.8739771,46.9213451 -0.8739776,46.9213421 -0.8739771,46.9213296 -0.8739745,46.9213223 -0.8739734,46.9213163 -0.8739716,46.9213088 -0.8739712,46.9213018 -0.8739702,46.9212948 -0.8739716,46.9212888 -0.8739732,46.9212829 -0.8739736,46.9212803 -0.8739741,46.9212706 -0.8739734,46.9212626 -0.8739738,46.9212488 -0.8739737,46.9212406 -0.8739747,46.9212346 -0.8739758,46.9212214 -0.8739751,46.9212107 -0.8739765,46.9212009 -0.8739756,46.9211936 -0.8739773,46.9211887 -0.8739792,46.9211817 -0.8739777,46.9211750 -0.8739785,46.9211683 -0.8739761,46.9211608 -0.8739785,46.9211536 -0.8739794,46.9211472 -0.8739977,46.9211416 -0.8740005,46.9211400 -0.8740050,46.9211293 -0.8740099,46.9211175 -0.8740116,46.9211065 -0.8740133,46.9211006 -0.8740155,46.9210927 -0.8740175,46.9210799 -0.8740200,46.9210686 -0.8740212,46.9210662 -0.8740224,46.9210584 -0.8740243,46.9210521 -0.8740252,46.9210447 -0.8740171,46.9210325 -0.8740066,46.9210309 -0.8739994,46.9210277 -0.8739965,46.9210213 -0.8739995,46.9210146 -0.8740043,46.9210040 -0.8740084,46.9209960 -0.8740162,46.9209823 -0.8740195,46.9209728 -0.8740235,46.9209676 -0.8740283,46.9209618 -0.8740324,46.9209541 -0.8740353,46.9209467 -0.8740372,46.9209397 -0.8740415,46.9209327 -0.8740449,46.9209255 -0.8740506,46.9209190 -0.8740538,46.9209122 -0.8740654,46.9209020 -0.8740721,46.9208938 -0.8740807,46.9208894 -0.8740875,46.9208821 -0.8740949,46.9208774 -0.8741014,46.9208704 -0.8741069,46.9208655 -0.8741126,46.9208604 -0.8741190,46.9208539 -0.8741274,46.9208430 -0.8741293,46.9208399 -0.8741318,46.9208346 -0.8741344,46.9208275 -0.8741406,46.9208139 -0.8741443,46.9208054 -0.8741469,46.9207993 -0.8741531,46.9207867 -0.8741580,46.9207759 -0.8741642,46.9207624 -0.8741677,46.9207555 -0.8741709,46.9207477 -0.8741737,46.9207415 -0.8741765,46.9207352 -0.8741794,46.9207281 -0.8741833,46.9207223 -0.8741868,46.9207155 -0.8741922,46.9207002 -0.8741936,46.9206944 -0.8742085,46.9206734 -0.8742199,46.9206701 -0.8742263,46.9206569 -0.8742302,46.9206422 -0.8742325,46.9206267 -0.8742298,46.9206120 -0.8742305,46.9206079 -0.8742398,46.9205895 -0.8742410,46.9205801 -0.8742414,46.9205730 -0.8742414,46.9205636 -0.8742421,46.9205565 -0.8742455,46.9205478 -0.8742493,46.9205408 -0.8742540,46.9205313 -0.8742592,46.9205232 -0.8742619,46.9205174 -0.8742702,46.9205052 -0.8742749,46.9205007 -0.8742798,46.9204955 -0.8742834,46.9204896 -0.8742878,46.9204812 -0.8742902,46.9204746 -0.8742928,46.9204675 -0.8742964,46.9204587 -0.8742994,46.9204522 -0.8743028,46.9204434 -0.8743054,46.9204368 -0.8743097,46.9204281 -0.8743120,46.9204238 -0.8743125,46.9204246 -0.8743141,46.9204239 -0.8743178,46.9204171 -0.8743218,46.9204102 -0.8743239,46.9204022 -0.8743245,46.9203865 -0.8743310,46.9203781 -0.8743340,46.9203715 -0.8743407,46.9203679 -0.8743583,46.9203532 -0.8743640,46.9203484 -0.8743720,46.9203444 -0.8743808,46.9203390 -0.8743867,46.9203334 -0.8743933,46.9203256 -0.8744037,46.9203178 -0.8744059,46.9203093 -0.8744078,46.9203020 -0.8744131,46.9202885 -0.8744174,46.9202793 -0.8744190,46.9202696 -0.8744210,46.9202610 -0.8744286,46.9202494 -0.8744307,46.9202405 -0.8744307,46.9202333 -0.8744315,46.9202271 -0.8744243,46.9202162 -0.8744199,46.9202141 -0.8744225,46.9202150 -0.8744237,46.9202157 -0.8744243,46.9202159 -0.8744249,46.9202160 -0.8744251,46.9202151 -0.8744253,46.9202149 -0.8744254,46.9202149 -0.8744260,46.9202144 -0.8744260,46.9202144 -0.8744259,46.9202150 -0.8744256,46.9202148 -0.8744256,46.9202143 -0.8744266,46.9202131 -0.8744294,46.9202091 -0.8744320,46.9202078 -0.8744401,46.9202006 -0.8744453,46.9201964 -0.8744527,46.9201926 -0.8744627,46.9201874 -0.8744730,46.9201770 -0.8744819,46.9201667 -0.8744868,46.9201503 -0.8744919,46.9201430 -0.8744976,46.9201328 -0.8745033,46.9201254 -0.8745158,46.9201099 -0.8745255,46.9200993 -0.8745402,46.9200821 -0.8745503,46.9200696 -0.8745543,46.9200639 -0.8745577,46.9200599 -0.8745667,46.9200501 -0.8745778,46.9200400 -0.8745807,46.9200374 -0.8745861,46.9200323 -0.8745974,46.9200185 -0.8746079,46.9200043 -0.8746149,46.9199970 -0.8746202,46.9199922 -0.8746321,46.9199825 -0.8746429,46.9199768 -0.8746539,46.9199752 -0.8746656,46.9199721 -0.8746769,46.9199716 -0.8746884,46.9199703 -0.8747070,46.9199704 -0.8747112,46.9199718 -0.8747228,46.9199722 -0.8747339,46.9199734 -0.8747467,46.9199726 -0.8747568,46.9199728 -0.8747686,46.9199719 -0.8747789,46.9199737 -0.8747876,46.9199751 -0.8748002,46.9199760 -0.8748116,46.9199765 -0.8748226,46.9199775 -0.8748309,46.9199787 -0.8748415,46.9199803 -0.8748521,46.9199807 -0.8748592,46.9199801 -0.8748769,46.9199806 -0.8748780,46.9199815 -0.8748875,46.9199836 -0.8748943,46.9199846 -0.8749037,46.9199855 -0.8749118,46.9199865 -0.8749210,46.9199872 -0.8749331,46.9199874 -0.8749443,46.9199882 -0.8749546,46.9199893 -0.8749626,46.9199907 -0.8749720,46.9199922 -0.8749829,46.9199955 -0.8749879,46.9199989 -0.8750037,46.9200035 -0.8750056,46.9200059 -0.8750147,46.9200094 -0.8750216,46.9200138 -0.8750285,46.9200181 -0.8750380,46.9200237 -0.8750466,46.9200284 -0.8750547,46.9200321 -0.8750630,46.9200376 -0.8750685,46.9200416 -0.8750770,46.9200452 -0.8750827,46.9200497 -0.8750924,46.9200582 -0.8750964,46.9200611 -0.8751015,46.9200659 -0.8751090,46.9200707 -0.8751149,46.9200754 -0.8751184,46.9200790 -0.8751259,46.9200852 -0.8751302,46.9200890 -0.8751393,46.9200944 -0.8751439,46.9200975 -0.8751497,46.9201009 -0.8751583,46.9201053 -0.8751676,46.9201108 -0.8751734,46.9201137 -0.8751806,46.9201177 -0.8751883,46.9201220 -0.8751959,46.9201256 -0.8752025,46.9201283 -0.8752118,46.9201334 -0.8752178,46.9201368 -0.8752260,46.9201416 -0.8752319,46.9201465 -0.8752376,46.9201509 -0.8752469,46.9201570 -0.8752569,46.9201636 -0.8752648,46.9201674 -0.8752721,46.9201714 -0.8752796,46.9201758 -0.8752865,46.9201818 -0.8752911,46.9201860 -0.8753002,46.9201928 -0.8753044,46.9201975 -0.8753129,46.9202034 -0.8753183,46.9202083 -0.8753241,46.9202135 -0.8753315,46.9202190 -0.8753382,46.9202241 -0.8753505,46.9202295 -0.8753586,46.9202328 -0.8753664,46.9202348 -0.8753762,46.9202376 -0.8753826,46.9202400 -0.8753928,46.9202432 -0.8753999,46.9202461 -0.8754095,46.9202506 -0.8754169,46.9202541 -0.8754240,46.9202576 -0.8754367,46.9202621 -0.8754473,46.9202629 -0.8754607,46.9202569 -0.8754629,46.9202453 -0.8754579,46.9202423 -0.8754600,46.9202427 -0.8754626,46.9202461 -0.8754652,46.9202496 -0.8754679,46.9202518 -0.8754679,46.9202522 -0.8754704,46.9202553 -0.8754713,46.9202569 -0.8754728,46.9202581 -0.8754728,46.9202587 -0.8754745,46.9202594 -0.8754761,46.9202613 -0.8754758,46.9202625 -0.8754775,46.9202680 -0.8754942,46.9202751 -0.8755117,46.9202821 -0.8755304,46.9202894 -0.8755462,46.9202959 -0.8755577,46.9203018 -0.8755741,46.9203076 -0.8755860,46.9203108 -0.8755973,46.9203160 -0.8756098,46.9203196 -0.8756196,46.9203256 -0.8756300,46.9203290 -0.8756393,46.9203344 -0.8756536,46.9203393 -0.8756568,46.9203390 -0.8756656,46.9203435 -0.8756720,46.9203461 -0.8756757,46.9203471 -0.8756822,46.9203535 -0.8756842,46.9203569 -0.8756833,46.9203595 -0.8756816,46.9203607 -0.8756778,46.9203665 -0.8756745,46.9203734 -0.8756751,46.9203738 -0.8756738,46.9203740 -0.8756695,46.9203773 -0.8756603,46.9203763 -0.8756506,46.9203742 -0.8756419,46.9203721 -0.8756296,46.9203698 -0.8756206,46.9203690 -0.8756107,46.9203673 -0.8756018,46.9203655 -0.8755993,46.9203654 -0.8755821,46.9203633 -0.8755772,46.9203619 -0.8755656,46.9203599 -0.8755570,46.9203574 -0.8755504,46.9203557 -0.8755395,46.9203545 -0.8755324,46.9203540 -0.8755256,46.9203534 -0.8755177,46.9203524 -0.8755096,46.9203512 -0.8755048,46.9203499 -0.8754948,46.9203471 -0.8754882,46.9203444 -0.8754823,46.9203430 -0.8754738,46.9203422 -0.8754654,46.9203422 -0.8754561,46.9203419 -0.8754469,46.9203417 -0.8754409,46.9203412 -0.8754297,46.9203402 -0.8754220,46.9203417 -0.8754168,46.9203431 -0.8754044,46.9203443 -0.8753933,46.9203483 -0.8753836,46.9203504 -0.8753814,46.9203537 -0.8753874,46.9203543 -0.8753926,46.9203533 -0.8753937,46.9203530 -0.8753913,46.9203523 -0.8753903,46.9203517 -0.8753840,46.9203503 -0.8753747,46.9203479 -0.8753662,46.9203455 -0.8753505,46.9203418 -0.8753397,46.9203407 -0.8753222,46.9203410 -0.8753118,46.9203417 -0.8752976,46.9203425 -0.8752851,46.9203432 -0.8752668,46.9203415 -0.8752607,46.9203413 -0.8752508,46.9203398 -0.8752419,46.9203381 -0.8752323,46.9203360 -0.8752254,46.9203338 -0.8752123,46.9203309 -0.8752031,46.9203280 -0.8751927,46.9203260 -0.8751839,46.9203230 -0.8751733,46.9203224 -0.8751663,46.9203243 -0.8751585,46.9203270 -0.8751531,46.9203277 -0.8751428,46.9203319 -0.8751358,46.9203333 -0.8751290,46.9203360 -0.8751251,46.9203409 -0.8751221,46.9203454 -0.8751228,46.9203483 -0.8751285,46.9203542 -0.8751320,46.9203579 -0.8751355,46.9203606 -0.8751448,46.9203678 -0.8751503,46.9203716 -0.8751557,46.9203746 -0.8751646,46.9203801 -0.8751697,46.9203841 -0.8751743,46.9203884 -0.8751811,46.9203949 -0.8751865,46.9204002 -0.8751912,46.9204055 -0.8751951,46.9204108 -0.8751976,46.9204148 -0.8752056,46.9204264 -0.8752049,46.9204289 -0.8752053,46.9204327 -0.8752087,46.9204406 -0.8752109,46.9204474 -0.8752118,46.9204524 -0.8752149,46.9204611 -0.8752153,46.9204672 -0.8752161,46.9204725 -0.8752190,46.9204823 -0.8752181,46.9204832 -0.8752193,46.9205013 -0.8752116,46.9205054 -0.8752096,46.9205043 -0.8752097,46.9205037 -0.8752086,46.9205073 -0.8752090,46.9205092 -0.8752090,46.9205086 -0.8752124,46.9205090 -0.8752139,46.9205094 -0.8752149,46.9205098 -0.8752158,46.9205104 -0.8752163,46.9205108 -0.8752167,46.9205116 -0.8752167,46.9205123 -0.8752163,46.9205127 -0.8752162,46.9205128 -0.8752164,46.9205130 -0.8752169,46.9205159 -0.8752165,46.9205167 -0.8752168,46.9205230 -0.8752172,46.9205303 -0.8752173,46.9205397 -0.8752158,46.9205486 -0.8752129,46.9205549 -0.8752089,46.9205618 -0.8752043,46.9205672 -0.8751967,46.9205768 -0.8751939,46.9205779 -0.8751868,46.9205795 -0.8751795,46.9205809 -0.8751717,46.9205795 -0.8751574,46.9205774 -0.8751467,46.9205740 -0.8751402,46.9205708 -0.8751288,46.9205673 -0.8751202,46.9205627 -0.8751130,46.9205568 -0.8751059,46.9205520 -0.8750970,46.9205423 -0.8750896,46.9205376 -0.8750836,46.9205339 -0.8750776,46.9205305 -0.8750681,46.9205266 -0.8750606,46.9205254 -0.8750491,46.9205249 -0.8750396,46.9205270 -0.8750291,46.9205303 -0.8750176,46.9205345 -0.8750081,46.9205386 -0.8749945,46.9205435 -0.8749909,46.9205440 -0.8749867,46.9205446 -0.8749766,46.9205488 -0.8749703,46.9205510 -0.8749630,46.9205540 -0.8749572,46.9205575 -0.8749567,46.9205682 -0.8749674,46.9205772 -0.8749705,46.9205813 -0.8749660,46.9205805 -0.8749647,46.9205787 -0.8749537,46.9205841 -0.8749404,46.9205897 -0.8749353,46.9205951 -0.8749247,46.9206040 -0.8749199,46.9206190 -0.8749175,46.9206269 -0.8749211,46.9206319 -0.8749227,46.9206422 -0.8749279,46.9206446 -0.8749322,46.9206496 -0.8749354,46.9206567 -0.8749395,46.9206619 -0.8749410,46.9206678 -0.8749420,46.9206740 -0.8749423,46.9206762 -0.8749427,46.9206831 -0.8749422,46.9206865 -0.8749411,46.9206920 -0.8749401,46.9206976 -0.8749353,46.9207058 -0.8749316,46.9207118 -0.8749271,46.9207175 -0.8749238,46.9207242 -0.8749231,46.9207305 -0.8749254,46.9207345 -0.8749259,46.9207442 -0.8749282,46.9207494 -0.8749304,46.9207562 -0.8749315,46.9207626 -0.8749333,46.9207674 -0.8749351,46.9207773 -0.8749387,46.9207861 -0.8749397,46.9207924 -0.8749428,46.9207983 -0.8749458,46.9208025 -0.8749469,46.9208097 -0.8749483,46.9208153 -0.8749486,46.9208201 -0.8749470,46.9208271 -0.8749470,46.9208327 -0.8749459,46.9208394 -0.8749472,46.9208445 -0.8749482,46.9208443 -0.8749365,46.9208557 -0.8749305,46.9208562 -0.8749287,46.9208607 -0.8749311,46.9208667 -0.8749348,46.9208697 -0.8749396,46.9208695 -0.8749418,46.9208703 -0.8749439,46.9208676 -0.8749450,46.9208689 -0.8749489,46.9208752 -0.8749526,46.9208810 -0.8749582,46.9208959 -0.8749613,46.9209069 -0.8749630,46.9209109 -0.8749628,46.9209123 -0.8749622,46.9209115 -0.8749604,46.9209132 -0.8749594,46.9209138 -0.8749576,46.9209194 -0.8749578,46.9209293 -0.8749587,46.9209324 -0.8749589,46.9209365 -0.8749587,46.9209379 -0.8749602,46.9209462 -0.8749603,46.9209473 -0.8749672,46.9209611 -0.8749717,46.9209700 -0.8749778,46.9209804 -0.8749796,46.9209914 -0.8749822,46.9210002 -0.8749815,46.9210117 -0.8749817,46.9210201 -0.8749826,46.9210301 -0.8749844,46.9210378 -0.8749874,46.9210459 -0.8749901,46.9210529 -0.8749929,46.9210591 -0.8749970,46.9210652 -0.8750027,46.9210721 -0.8750067,46.9210786 -0.8750136,46.9210842 -0.8750187,46.9210908 -0.8750241,46.9210970 -0.8750308,46.9211029 -0.8750348,46.9211091 -0.8750397,46.9211144 -0.8750436,46.9211224 -0.8750471,46.9211275 -0.8750489,46.9211313 -0.8750489,46.9211434 -0.8750513,46.9211472 -0.8750516,46.9211538 -0.8750545,46.9211587 -0.8750556,46.9211634 -0.8750525,46.9211692 -0.8750497,46.9211730 -0.8750473,46.9211760 -0.8750420,46.9211831 -0.8750405,46.9211884 -0.8750384,46.9211940 -0.8750375,46.9211956 -0.8750316,46.9212046 -0.8750270,46.9212116 -0.8750275,46.9212160 -0.8750270,46.9212213 -0.8750233,46.9212286 -0.8750220,46.9212341 -0.8750187,46.9212390 -0.8750172,46.9212451 -0.8750163,46.9212504 -0.8750131,46.9212583 -0.8750114,46.9212645 -0.8750077,46.9212736 -0.8750060,46.9212769 -0.8750040,46.9212820 -0.8749998,46.9212873 -0.8749967,46.9212929 -0.8749947,46.9212982 -0.8749932,46.9213013 -0.8749899,46.9213060 -0.8749870,46.9213087 -0.8749801,46.9213113 -0.8749753,46.9213150 -0.8749742,46.9213208 -0.8749738,46.9213231 -0.8749745,46.9213273 -0.8749812,46.9213376 -0.8749895,46.9213432 -0.8749873,46.9213451 -0.8749823,46.9213453 -0.8749780,46.9213445 -0.8749750,46.9213441 -0.8749744,46.9213439 -0.8749739,46.9213443 -0.8749735,46.9213448 -0.8749731,46.9213443 -0.8749732,46.9213441 -0.8749737,46.9213442 -0.8749741,46.9213440 -0.8749743,46.9213441 -0.8749741,46.9213440 -0.8749740,46.9213440 -0.8749739,46.9213441 -0.8749740,46.9213442 -0.8749741,46.9213444 -0.8749741,46.9213444 -0.8749741,46.9213447 -0.8749742,46.9213449 -0.8749742,46.9213450 -0.8749743,46.9213452 -0.8749744,46.9213454 -0.8749750,46.9213464 -0.8749751,46.9213463 -0.8749754,46.9213462 -0.8749756,46.9213461 -0.8749758,46.9213460 -0.8749761,46.9213459 -0.8749762,46.9213459 -0.8749763,46.9213459 -0.8749766,46.9213459 -0.8749769,46.9213459 -0.8749771,46.9213459 -0.8749773,46.9213458 -0.8749776,46.9213458 -0.8749779,46.9213458 -0.8749781,46.9213458 -0.8749785,46.9213458 -0.8749785,46.9213457 -0.8749790,46.9213459 -0.8749792,46.9213458 -0.8749794,46.9213459 -0.8749801,46.9213469 -0.8749801,46.9213480 -0.8749780,46.9213505 -0.8749761,46.9213522 -0.8749719,46.9213574 -0.8749704,46.9213687 -0.8749664,46.9213859 -0.8749646,46.9213915 -0.8749619,46.9214045 -0.8749607,46.9214137 -0.8749557,46.9214199 -0.8749519,46.9214266 -0.8749400,46.9214382 -0.8749323,46.9214441 -0.8749296,46.9214485 -0.8749292,46.9214542 -0.8749279,46.9214573 -0.8749276,46.9214633 -0.8749250,46.9214674 -0.8749218,46.9214729 -0.8749146,46.9214750 -0.8749080,46.9214776 -0.8749046,46.9214829 -0.8749034,46.9214858 -0.8749030,46.9214874 -0.8749002,46.9214927 -0.8748952,46.9214984 -0.8748905,46.9215018 -0.8748871,46.9215050 -0.8748839,46.9215077 -0.8748787,46.9215111 -0.8748765,46.9215114 -0.8748709,46.9215150 -0.8748695,46.9215183 -0.8748667,46.9215231 -0.8748680,46.9215266 -0.8748674,46.9215380 -0.8748663,46.9215441 -0.8748661,46.9215501 -0.8748752,46.9215571 -0.8748857,46.9215624 -0.8749005,46.9215732 -0.8749080,46.9215813 -0.8749158,46.9215866 -0.8749220,46.9215925 -0.8749305,46.9215960 -0.8749407,46.9216054 -0.8749415,46.9216084 -0.8749402,46.9216145 -0.8749383,46.9216207 -0.8749391,46.9216287 -0.8749416,46.9216340 -0.8749447,46.9216395 -0.8749478,46.9216434 -0.8749520,46.9216505 -0.8749531,46.9216556 -0.8749568,46.9216659 -0.8749529,46.9216694 -0.8749515,46.9216756 -0.8749445,46.9216811 -0.8749391,46.9216852 -0.8749308,46.9216944 -0.8749300,46.9217027 -0.8749347,46.9217096 -0.8749360,46.9217123 -0.8749378,46.9217224 -0.8749363,46.9217225 -0.8749373,46.9217290 -0.8749411,46.9217373 -0.8749445,46.9217453 -0.8749456,46.9217533 -0.8749516,46.9217548 -0.8749509,46.9217535 -0.8749491,46.9217494 -0.8749480,46.9217478 -0.8749483,46.9217463 -0.8749492,46.9217455 -0.8749496,46.9217449 -0.8749507,46.9217442 -0.8749507,46.9217439 -0.8749527,46.9217428 -0.8749538,46.9217426 -0.8749549,46.9217423 -0.8749553,46.9217425 -0.8749549,46.9217422 -0.8749553,46.9217424 -0.8749551,46.9217427 -0.8749552,46.9217424 -0.8749559,46.9217421 -0.8749563,46.9217420 -0.8749563,46.9217416 -0.8749563,46.9217416 -0.8749565,46.9217417 -0.8749568,46.9217419 -0.8749569,46.9217420 -0.8749570,46.9217419 -0.8749571,46.9217425 -0.8749563,46.9217442 -0.8749537,46.9217454 -0.8749498,46.9217474 -0.8749460,46.9217503 -0.8749347,46.9217568 -0.8749251,46.9217619 -0.8749128,46.9217689 -0.8749082,46.9217760 -0.8749005,46.9217824 -0.8748978,46.9217901 -0.8748925,46.9217959 -0.8748926,46.9218018 -0.8748883,46.9218077 -0.8748912,46.9218145 -0.8748931,46.9218219 -0.8749020,46.9218272 -0.8749080,46.9218379 -0.8749119,46.9218394 -0.8749156,46.9218415 -0.8749216,46.9218486 -0.8749278,46.9218501 -0.8749346,46.9218551 -0.8749439,46.9218582 -0.8749530,46.9218614 -0.8749580,46.9218637 -0.8749649,46.9218679 -0.8749711,46.9218716 -0.8749805,46.9218776 -0.8749853,46.9218820 -0.8749871,46.9218878 -0.8749859,46.9218919 -0.8749826,46.9218922 -0.8749797,46.9218903 -0.8749775,46.9218879 -0.8749754,46.9218864 -0.8749749,46.9218850 -0.8749761,46.9218855 -0.8749767,46.9218858 -0.8749769,46.9218861 -0.8749784,46.9218878 -0.8749796,46.9218896 -0.8749786,46.9218928 -0.8749730,46.9218978 -0.8749660,46.9219007 -0.8749560,46.9219023 -0.8749389,46.9219016 -0.8749337,46.9218993 -0.8749251,46.9218967 -0.8749174,46.9218941 -0.8749093,46.9218912 -0.8749026,46.9218887 -0.8748906,46.9218838 -0.8748829,46.9218810 -0.8748743,46.9218780 -0.8748660,46.9218767 -0.8748589,46.9218755 -0.8748465,46.9218711 -0.8748391,46.9218679 -0.8748336,46.9218667 -0.8748246,46.9218645 -0.8748177,46.9218659 -0.8748099,46.9218691 -0.8748037,46.9218729 -0.8748009,46.9218780 -0.8747963,46.9218837 -0.8747956,46.9218906 -0.8747936,46.9218964 -0.8747963,46.9219038 -0.8747978,46.9219148 -0.8748058,46.9219230 -0.8748134,46.9219255 -0.8748183,46.9219305 -0.8748266,46.9219333 -0.8748320,46.9219375 -0.8748394,46.9219403 -0.8748467,46.9219441 -0.8748538,46.9219499 -0.8748611,46.9219526 -0.8748723,46.9219573 -0.8748756,46.9219610 -0.8748804,46.9219657 -0.8748845,46.9219670 -0.8748945,46.9219710 -0.8749075,46.9219742 -0.8749161,46.9219755 -0.8749232,46.9219767 -0.8749337,46.9219784 -0.8749443,46.9219804 -0.8749532,46.9219819 -0.8749647,46.9219855 -0.8749676,46.9219888 -0.8749783,46.9219939 -0.8749809,46.9219983 -0.8749877,46.9220029 -0.8749914,46.9220097 -0.8749938,46.9220159 -0.8749985,46.9220229 -0.8749999,46.9220307 -0.8750034,46.9220363 -0.8750046,46.9220442 -0.8750078,46.9220502 -0.8750100,46.9220593 -0.8750125,46.9220623 -0.8750103,46.9220661 -0.8750108,46.9220714 -0.8750070,46.9220768 -0.8750032,46.9220813 -0.8749998,46.9220888 -0.8749892,46.9220978 -0.8749801,46.9220998 -0.8749711,46.9221036 -0.8749586,46.9221031 -0.8749473,46.9221037 -0.8749380,46.9221010 -0.8749201,46.9220985 -0.8749176,46.9220946 -0.8749114,46.9220899 -0.8749048,46.9220854 -0.8748997,46.9220824 -0.8748913,46.9220794 -0.8748859,46.9220767 -0.8748782,46.9220736 -0.8748731,46.9220701 -0.8748588,46.9220645 -0.8748579,46.9220626 -0.8748502,46.9220598 -0.8748439,46.9220556 -0.8748364,46.9220520 -0.8748321,46.9220472 -0.8748239,46.9220422 -0.8748189,46.9220384 -0.8748094,46.9220352 -0.8748066,46.9220308 -0.8748031,46.9220256 -0.8747976,46.9220211 -0.8747952,46.9220159 -0.8747891,46.9220099 -0.8747832,46.9220028 -0.8747761,46.9220003 -0.8747716,46.9219978 -0.8747627,46.9219951 -0.8747580,46.9219934 -0.8747489,46.9219918 -0.8747437,46.9219899 -0.8747354,46.9219880 -0.8747279,46.9219851 -0.8747194,46.9219834 -0.8747137,46.9219807 -0.8747048,46.9219782 -0.8747004,46.9219741 -0.8746923,46.9219703 -0.8746871,46.9219665 -0.8746845,46.9219624 -0.8746773,46.9219579 -0.8746712,46.9219540 -0.8746620,46.9219499 -0.8746522,46.9219461 -0.8746481,46.9219422 -0.8746407,46.9219392 -0.8746367,46.9219346 -0.8746293,46.9219308 -0.8746253,46.9219256 -0.8746172,46.9219212 -0.8746137,46.9219182 -0.8746095,46.9219148 -0.8746040,46.9219117 -0.8745972,46.9219099 -0.8745850,46.9219067 -0.8745832,46.9219058 -0.8745641,46.9219018 -0.8745579,46.9218989 -0.8745493,46.9218957 -0.8745344,46.9218888 -0.8745284,46.9218834 -0.8745204,46.9218795 -0.8745144,46.9218726 -0.8745080,46.9218620 -0.8744977,46.9218537 -0.8744906,46.9218489 -0.8744833,46.9218400 -0.8744798,46.9218350 -0.8744781,46.9218323 -0.8744726,46.9218283 -0.8744698,46.9218248 -0.8744664,46.9218192 -0.8744556,46.9218141 -0.8744526,46.9218107 -0.8744501,46.9218090 -0.8744505,46.9218078 -0.8744481,46.9218040 -0.8744471,46.9217996 -0.8744464,46.9217989 -0.8744555,46.9218019 -0.8744586,46.9218021 -0.8744592,46.9218021 -0.8744584,46.9218023 -0.8744547,46.9218023 -0.8744496,46.9218022 -0.8744401,46.9218034 -0.8744267,46.9218044 -0.8744162,46.9218044 -0.8744070,46.9218024 -0.8743929,46.9217954 -0.8743839,46.9217895 -0.8743782,46.9217850 -0.8743716,46.9217790 -0.8743662,46.9217732 -0.8743590,46.9217676 -0.8743550,46.9217631 -0.8743516,46.9217560 -0.8743504,46.9217478 -0.8743494,46.9217423 -0.8743487,46.9217297 -0.8743491,46.9217240 -0.8743477,46.9217173 -0.8743466,46.9217100 -0.8743458,46.9217038 -0.8743436,46.9216966 -0.8743365,46.9216854 -0.8743264,46.9216793 -0.8743216,46.9216739 -0.8743162,46.9216717 -0.8743097,46.9216666 -0.8743009,46.9216640 -0.8742923,46.9216595 -0.8742824,46.9216576 -0.8742732,46.9216539 -0.8742636,46.9216523 -0.8742553,46.9216517 -0.8742439,46.9216494 -0.8742264,46.9216507 -0.8742186,46.9216498 -0.8742088,46.9216494 -0.8741976,46.9216471 -0.8741869,46.9216461 -0.8741771,46.9216440 -0.8741652,46.9216430 -0.8741544,46.9216419 -0.8741419,46.9216413 -0.8741308,46.9216403 -0.8741174,46.9216387 -0.8741056,46.9216354 -0.8740947,46.9216287 -0.8740878,46.9216220 -0.8740790,46.9216200 -0.8740703,46.9216167 -0.8740637,46.9216151 -0.8740540,46.9216108 -0.8740508,46.9216117 -0.8740457,46.9216092 -0.8740367,46.9216069 -0.8740259,46.9216072 -0.8740146,46.9216045 -0.8740028,46.9216056 -0.8739915,46.9216062 -0.8739820,46.9216057 -0.8739706,46.9216071 -0.8739577,46.9216102 -0.8739478,46.9216171 -0.8739395,46.9216229 -0.8739283,46.9216345 -0.8739236,46.9216393 -0.8739191,46.9216464 -0.8739133,46.9216527 -0.8739060,46.9216650 -0.8738991,46.9216720 -0.8738920,46.9216814 -0.8738911,46.9216863 -0.8738887,46.9216946 -0.8738883,46.9217033 -0.8738939,46.9217163 -0.8738990,46.9217250 -0.8739015,46.9217370 -0.8739031,46.9217447 -0.8739053,46.9217520 -0.8739088,46.9217593 -0.8739184,46.9217710 -0.8739261,46.9217778 -0.8739270,46.9217824 -0.8739252,46.9217843 -0.8739262,46.9217841 -0.8739282,46.9217826</coordinates>
      </LineString>
    </Placemark>
  </Document>
</kml>